date,driving,walking,transit,region,retail_and_recreation,grocery_and_pharmacy,parks,transit_stations,workplaces,residential,numtotal,numtested,numactive,numtoday,ratetested
2020-03-12,107.1,106.42,94.81,Manitoba,12.0,33.0,5.0,-6.0,5.0,0.0,1,352.0,1.0,1,257.0
2020-03-13,112.86,109.28,86.83,Manitoba,4.0,41.0,-14.0,-12.0,-5.0,3.0,3,352.0,3.0,2,257.0
2020-03-14,95.05,95.1,65.27,Manitoba,-7.0,23.0,-23.0,-12.0,1.0,4.0,4,837.0,4.0,1,611.0
2020-03-15,66.61,59.66,51.38,Manitoba,-18.0,3.0,-20.0,-22.0,-7.0,4.0,4,837.0,4.0,0,611.0
2020-03-16,74.94,74.8,63.68,Manitoba,-11.0,18.0,-19.0,-29.0,-11.0,7.0,7,1848.0,7.0,3,1349.0
2020-03-17,74.9,68.84,53.75,Manitoba,-19.0,19.0,-16.0,-31.0,-17.0,10.0,7,2216.0,7.0,0,1618.0
2020-03-18,70.42,66.5,52.39,Manitoba,-25.0,13.0,-28.0,-41.0,-23.0,12.0,15,2739.0,15.0,8,2000.0
2020-03-19,71.23,68.86,42.69,Manitoba,-29.0,12.0,-27.0,-48.0,-27.0,14.0,17,3189.0,17.0,2,2329.0
2020-03-20,80.94,72.52,43.18,Manitoba,-31.0,8.0,-31.0,-46.0,-31.0,15.0,17,3367.0,17.0,0,2459.0
2020-03-21,62.8,63.67,33.88,Manitoba,-45.0,-9.0,-25.0,-41.0,-24.0,12.0,19,3668.0,19.0,2,2678.0
2020-03-22,48.57,45.14,27.55,Manitoba,-51.0,-21.0,-16.0,-50.0,-32.0,10.0,19,3936.0,19.0,0,2874.0
2020-03-23,60.69,66.01,31.32,Manitoba,-41.0,-11.0,-3.0,-54.0,-40.0,17.0,20,4133.0,20.0,1,3018.0
2020-03-24,59.33,54.92,27.95,Manitoba,-45.0,-11.0,-32.0,-57.0,-42.0,19.0,21,4406.0,21.0,1,3217.0
2020-03-25,60.49,64.31,32.32,Manitoba,-45.0,-14.0,-19.0,-57.0,-43.0,19.0,35,4740.0,35.0,14,3461.0
2020-03-26,61.54,59.0,27.36,Manitoba,-43.0,-7.0,-18.0,-60.0,-43.0,20.0,36,5429.0,35.0,1,3964.0
2020-03-27,72.78,77.3,33.04,Manitoba,-40.0,-5.0,-14.0,-57.0,-44.0,20.0,39,6022.0,37.0,3,4397.0
2020-03-28,62.76,67.78,27.34,Manitoba,-46.0,-13.0,-9.0,-50.0,-33.0,13.0,64,6931.0,62.0,25,5061.0
2020-03-29,50.13,54.73,25.22,Manitoba,-49.0,-21.0,-9.0,-56.0,-36.0,11.0,72,7876.0,70.0,8,5751.0
2020-03-30,64.63,75.44,26.2,Manitoba,-38.0,-12.0,4.0,-57.0,-47.0,18.0,96,8326.0,93.0,24,6080.0
2020-03-31,67.35,71.23,27.38,Manitoba,-36.0,-4.0,2.0,-58.0,-47.0,19.0,103,8629.0,98.0,7,6301.0
2020-04-01,63.32,62.75,25.77,Manitoba,-46.0,-14.0,-24.0,-62.0,-49.0,20.0,127,9811.0,122.0,24,7164.0
2020-04-02,50.35,46.3,22.96,Manitoba,-59.0,-28.0,-55.0,-68.0,-52.0,24.0,167,11098.0,155.0,40,8104.0
2020-04-03,58.72,55.85,26.34,Manitoba,-55.0,-24.0,-60.0,-65.0,-54.0,25.0,182,11650.0,180.0,15,8507.0
2020-04-04,56.28,53.04,26.01,Manitoba,-54.0,-23.0,-52.0,-57.0,-37.0,16.0,194,12191.0,192.0,12,8902.0
2020-04-05,45.36,46.96,22.07,Manitoba,-54.0,-29.0,-30.0,-61.0,-40.0,12.0,203,12771.0,184.0,9,9326.0
2020-04-06,60.58,63.64,25.14,Manitoba,-43.0,-17.0,-16.0,-61.0,-48.0,20.0,204,13788.0,185.0,1,10068.0
2020-04-07,62.65,64.52,26.13,Manitoba,-44.0,-9.0,-11.0,-59.0,-49.0,21.0,217,13990.0,214.0,13,10216.0
2020-04-08,65.14,67.07,23.42,Manitoba,-43.0,-12.0,-36.0,-62.0,-49.0,21.0,221,14569.0,218.0,4,10638.0
2020-04-09,79.75,72.0,29.39,Manitoba,-27.0,21.0,-26.0,-59.0,-49.0,19.0,224,14569.0,221.0,3,10638.0
2020-04-10,60.69,64.15,23.59,Manitoba,-75.0,-63.0,-7.0,-73.0,-82.0,33.0,230,16075.0,226.0,6,11738.0
2020-04-11,63.96,62.24,26.47,Manitoba,-42.0,0.0,-42.0,-55.0,-38.0,15.0,243,16220.0,239.0,13,11844.0
2020-04-12,44.73,42.08,25.01,Manitoba,-74.0,-63.0,-35.0,-65.0,-47.0,13.0,242,17066.0,238.0,-1,12462.0
2020-04-13,60.34,55.29,30.9,Manitoba,-44.0,-16.0,-38.0,-68.0,-57.0,23.0,246,17119.0,242.0,4,12501.0
2020-04-14,67.36,63.53,30.62,Manitoba,-43.0,-10.0,-25.0,-60.0,-48.0,21.0,246,17789.0,242.0,0,12990.0
2020-04-15,72.43,66.82,28.99,Manitoba,-38.0,-10.0,-19.0,-59.0,-48.0,20.0,246,17789.0,241.0,0,12990.0
2020-04-16,73.13,73.06,29.25,Manitoba,-39.0,-6.0,-15.0,-60.0,-47.0,21.0,250,18318.0,245.0,4,13376.0
2020-04-17,84.64,82.24,29.95,Manitoba,-39.0,-10.0,-2.0,-58.0,-48.0,21.0,250,18814.0,245.0,0,13738.0
2020-04-18,70.85,65.23,25.75,Manitoba,-48.0,-19.0,-42.0,-56.0,-33.0,14.0,253,19412.0,116.0,3,14175.0
2020-04-19,58.41,54.01,25.56,Manitoba,-49.0,-27.0,-19.0,-61.0,-36.0,11.0,253,19634.0,105.0,0,14337.0
2020-04-20,71.76,63.27,31.09,Manitoba,-42.0,-16.0,-27.0,-61.0,-46.0,19.0,254,19924.0,105.0,1,14549.0
2020-04-21,74.15,67.35,26.85,Manitoba,-42.0,-12.0,-11.0,-60.0,-47.0,20.0,255,20328.0,99.0,1,14844.0
2020-04-22,79.79,87.48,32.74,Manitoba,-38.0,-9.0,21.0,-57.0,-46.0,19.0,257,20651.0,97.0,2,15080.0
2020-04-23,84.23,91.57,30.45,Manitoba,-36.0,-3.0,39.0,-57.0,-45.0,18.0,262,21229.0,82.0,5,15502.0
2020-04-24,93.06,92.12,36.43,Manitoba,-39.0,-10.0,8.0,-56.0,-46.0,19.0,263,21720.0,61.0,1,15860.0
2020-04-25,76.47,70.81,28.14,Manitoba,-46.0,-18.0,-29.0,-53.0,-31.0,13.0,267,21720.0,62.0,4,15860.0
2020-04-26,66.29,69.02,25.79,Manitoba,-44.0,-22.0,14.0,-55.0,-34.0,9.0,271,21720.0,66.0,4,15860.0
2020-04-27,83.28,99.44,34.8,Manitoba,-34.0,-10.0,35.0,-56.0,-45.0,17.0,272,23149.0,61.0,1,16904.0
2020-04-28,83.56,82.2,35.07,Manitoba,-36.0,-5.0,-9.0,-55.0,-46.0,13.0,272,23379.0,57.0,0,17072.0
2020-04-29,92.0,103.03,37.78,Manitoba,-31.0,-2.0,43.0,-52.0,-45.0,17.0,273,23817.0,54.0,1,17391.0
2020-04-30,94.78,105.89,38.76,Manitoba,-30.0,1.0,49.0,-54.0,-44.0,17.0,275,24304.0,49.0,2,17747.0
2020-05-01,98.49,102.3,37.19,Manitoba,-37.0,-10.0,-22.0,-58.0,-45.0,20.0,279,24975.0,38.0,4,18237.0
2020-05-02,87.63,80.14,35.24,Manitoba,-42.0,-14.0,-23.0,-50.0,-29.0,12.0,280,25736.0,38.0,1,18793.0
2020-05-03,74.11,75.5,38.01,Manitoba,-39.0,-16.0,18.0,-53.0,-30.0,8.0,281,26253.0,38.0,1,19170.0
2020-05-04,89.46,95.18,42.84,Manitoba,-28.0,-9.0,23.0,-55.0,-42.0,16.0,281,26857.0,37.0,0,19611.0
2020-05-05,97.4,101.44,39.48,Manitoba,-27.0,0.0,52.0,-50.0,-42.0,16.0,282,27202.0,37.0,1,19863.0
2020-05-06,99.99,107.56,41.36,Manitoba,-26.0,-2.0,45.0,-51.0,-42.0,16.0,284,27712.0,35.0,2,20236.0
2020-05-07,102.14,99.82,39.48,Manitoba,-25.0,4.0,27.0,-55.0,-41.0,17.0,283,28232.0,33.0,-1,20615.0
2020-05-08,115.87,113.39,39.2,Manitoba,-28.0,0.0,20.0,-53.0,-42.0,17.0,284,28742.0,30.0,1,20988.0
2020-05-09,102.13,93.47,37.0,Manitoba,-29.0,3.0,10.0,-45.0,-23.0,10.0,284,29438.0,30.0,0,21496.0
2020-05-10,80.07,68.68,32.57,Manitoba,-27.0,-4.0,22.0,-51.0,-24.0,6.0,287,30046.0,33.0,3,21940.0
2020-05-13,101.45,93.31,37.5,Manitoba,-29.0,-4.0,-20.0,-57.0,-41.0,17.0,290,31416.0,32.0,0,22940.0
2020-05-14,108.81,101.53,37.25,Manitoba,-24.0,7.0,13.0,-54.0,-40.0,16.0,289,31742.0,30.0,-1,23178.0
2020-05-15,132.28,136.01,43.56,Manitoba,-23.0,6.0,81.0,-50.0,-43.0,14.0,289,32492.0,28.0,0,23726.0
2020-05-16,111.81,107.87,38.54,Manitoba,-28.0,-2.0,110.0,-44.0,-24.0,6.0,289,33295.0,25.0,0,24312.0
2020-05-17,100.37,103.71,38.9,Manitoba,-22.0,0.0,191.0,-45.0,-26.0,3.0,289,34042.0,25.0,0,24858.0
2020-05-18,99.76,105.06,39.45,Manitoba,-37.0,-26.0,197.0,-65.0,-77.0,19.0,290,34498.0,26.0,1,25191.0
2020-05-19,119.47,130.07,46.87,Manitoba,-17.0,12.0,90.0,-47.0,-40.0,13.0,290,34892.0,26.0,0,25479.0
2020-05-20,132.47,146.41,45.09,Manitoba,-10.0,15.0,89.0,-45.0,-39.0,13.0,290,35133.0,26.0,0,25655.0
2020-05-21,126.35,135.75,44.75,Manitoba,-12.0,14.0,79.0,-47.0,-39.0,14.0,290,35723.0,18.0,0,26085.0
2020-05-22,144.05,143.44,45.17,Manitoba,-18.0,6.0,78.0,-47.0,-38.0,13.0,292,36590.0,18.0,2,26718.0
2020-05-23,120.37,123.45,45.34,Manitoba,-22.0,1.0,86.0,-38.0,-16.0,6.0,292,37025.0,17.0,0,27036.0
2020-05-24,94.15,85.31,38.65,Manitoba,-24.0,-6.0,69.0,-45.0,-22.0,5.0,292,37903.0,17.0,0,27677.0
2020-05-25,124.49,140.2,47.56,Manitoba,-12.0,4.0,94.0,-45.0,-38.0,12.0,292,38072.0,17.0,0,27801.0
2020-05-26,123.58,127.05,47.69,Manitoba,-17.0,4.0,78.0,-47.0,-37.0,13.0,292,38775.0,16.0,0,28314.0
2020-05-27,132.41,137.97,48.18,Manitoba,-10.0,10.0,108.0,-42.0,-36.0,12.0,292,39790.0,14.0,0,29055.0
2020-05-28,129.41,120.18,44.56,Manitoba,-15.0,12.0,29.0,-50.0,-36.0,14.0,294,40709.0,14.0,2,29726.0
2020-05-29,144.26,144.63,48.52,Manitoba,-18.0,6.0,72.0,-47.0,-37.0,13.0,294,41578.0,14.0,0,30361.0
2020-05-30,128.89,128.88,47.12,Manitoba,-20.0,2.0,125.0,-32.0,-10.0,4.0,294,41578.0,9.0,0,30361.0
2020-05-31,109.97,109.39,45.51,Manitoba,-18.0,0.0,160.0,-37.0,-12.0,1.0,295,41578.0,10.0,1,30361.0
2020-06-01,131.41,143.36,54.74,Manitoba,-7.0,8.0,101.0,-44.0,-34.0,10.0,295,43807.0,10.0,0,31988.0
2020-06-02,133.08,140.05,56.67,Manitoba,-10.0,11.0,114.0,-41.0,-33.0,11.0,297,44400.0,12.0,2,32421.0
2020-06-03,139.84,145.75,55.67,Manitoba,-8.0,9.0,110.0,-42.0,-32.0,11.0,298,45128.0,9.0,1,32953.0
2020-06-04,142.44,152.05,52.39,Manitoba,-5.0,17.0,110.0,-42.0,-31.0,11.0,298,46033.0,7.0,0,33614.0
2020-06-05,158.08,188.81,61.39,Manitoba,-11.0,6.0,99.0,-42.0,-33.0,10.0,300,46668.0,9.0,2,34078.0
2020-06-06,130.83,130.65,49.2,Manitoba,-20.0,-3.0,83.0,-42.0,-11.0,5.0,300,46668.0,9.0,0,34078.0
2020-06-07,102.19,94.83,46.89,Manitoba,-19.0,-4.0,69.0,-45.0,-14.0,3.0,300,46668.0,9.0,0,34078.0
2020-06-08,129.82,137.45,56.67,Manitoba,-8.0,4.0,82.0,-47.0,-32.0,11.0,300,48706.0,9.0,0,35566.0
2020-06-09,132.89,122.72,53.85,Manitoba,-11.0,5.0,48.0,-47.0,-32.0,12.0,300,49296.0,8.0,0,35997.0
2020-06-10,140.16,145.21,60.1,Manitoba,-4.0,9.0,84.0,-42.0,-31.0,11.0,300,49929.0,8.0,0,36459.0
2020-06-11,146.91,151.74,60.48,Manitoba,-3.0,15.0,107.0,-41.0,-30.0,10.0,300,50663.0,7.0,0,36995.0
2020-06-12,169.51,166.08,58.26,Manitoba,-7.0,9.0,139.0,-40.0,-32.0,8.0,301,51402.0,5.0,1,37534.0
2020-06-13,152.3,152.99,53.24,Manitoba,-13.0,3.0,168.0,-28.0,-6.0,2.0,303,52048.0,7.0,2,38006.0
2020-06-14,123.57,117.55,49.96,Manitoba,-11.0,0.0,175.0,-36.0,-10.0,0.0,304,52650.0,8.0,1,38446.0
2020-06-15,144.46,146.11,67.81,Manitoba,-2.0,9.0,119.0,-42.0,-32.0,9.0,304,53342.0,5.0,0,38951.0
2020-06-16,145.75,148.32,58.37,Manitoba,-5.0,11.0,130.0,-40.0,-31.0,10.0,304,53860.0,5.0,0,39329.0
2020-06-17,145.85,144.02,60.76,Manitoba,-5.0,8.0,78.0,-43.0,-32.0,11.0,306,54204.0,6.0,2,39580.0
2020-06-18,151.55,142.32,61.14,Manitoba,-2.0,15.0,80.0,-42.0,-30.0,10.0,308,54842.0,8.0,2,40046.0
2020-06-19,177.65,178.25,61.65,Manitoba,-3.0,12.0,130.0,-40.0,-32.0,6.0,311,55401.0,11.0,3,40454.0
2020-06-20,148.75,145.91,50.15,Manitoba,-13.0,4.0,84.0,-34.0,-5.0,4.0,313,56147.0,13.0,2,40999.0
2020-06-21,116.18,105.11,49.49,Manitoba,-6.0,3.0,114.0,-37.0,-6.0,-1.0,313,56847.0,13.0,0,41510.0
2020-06-22,149.45,160.56,61.58,Manitoba,-1.0,5.0,124.0,-40.0,-33.0,9.0,314,57149.0,14.0,1,41731.0
2020-06-23,155.31,165.0,63.58,Manitoba,-2.0,9.0,141.0,-39.0,-32.0,9.0,314,57784.0,14.0,0,42195.0
2020-06-24,163.32,167.57,65.31,Manitoba,1.0,13.0,177.0,-37.0,-31.0,8.0,315,58358.0,15.0,1,42614.0
2020-06-25,164.67,164.5,63.17,Manitoba,0.0,16.0,120.0,-39.0,-30.0,9.0,316,58749.0,15.0,1,42899.0
2020-06-26,191.93,195.55,67.49,Manitoba,-3.0,14.0,168.0,-37.0,-31.0,6.0,318,59772.0,11.0,2,43646.0
2020-06-27,169.23,158.58,57.45,Manitoba,-12.0,3.0,189.0,-30.0,-8.0,1.0,322,60486.0,15.0,4,44168.0
2020-06-28,139.77,116.05,52.94,Manitoba,-9.0,0.0,190.0,-38.0,-9.0,-1.0,322,61444.0,15.0,0,44867.0
2020-06-29,169.01,167.52,67.41,Manitoba,5.0,14.0,146.0,-39.0,-34.0,8.0,324,61881.0,17.0,2,45186.0
2020-06-30,179.02,179.55,64.08,Manitoba,12.0,36.0,164.0,-37.0,-33.0,7.0,325,62182.0,18.0,1,45406.0
2020-07-01,155.38,146.72,55.49,Manitoba,-38.0,-37.0,309.0,-58.0,-71.0,16.0,325,62182.0,18.0,0,45406.0
2020-07-02,174.19,172.95,67.43,Manitoba,7.0,33.0,185.0,-40.0,-38.0,8.0,325,63265.0,18.0,0,46197.0
2020-07-03,188.31,182.21,71.69,Manitoba,-3.0,14.0,174.0,-43.0,-41.0,8.0,325,63715.0,16.0,0,46525.0
2020-07-04,147.7,139.19,58.92,Manitoba,-14.0,0.0,128.0,-34.0,-7.0,3.0,325,63715.0,16.0,0,46525.0
2020-07-05,139.01,124.15,57.9,Manitoba,-10.0,-3.0,153.0,-34.0,-11.0,-1.0,325,63715.0,16.0,0,46525.0
2020-07-06,169.78,188.22,71.43,Manitoba,3.0,11.0,173.0,-37.0,-35.0,8.0,325,65298.0,14.0,0,47681.0
2020-07-07,173.17,171.14,81.39,Manitoba,1.0,15.0,189.0,-35.0,-35.0,8.0,325,65680.0,11.0,0,47960.0
2020-07-08,179.65,177.12,73.27,Manitoba,5.0,15.0,156.0,-35.0,-33.0,8.0,325,66370.0,6.0,0,48464.0
2020-07-09,183.53,172.24,72.15,Manitoba,6.0,21.0,159.0,-37.0,-32.0,7.0,325,66825.0,4.0,0,48796.0
2020-07-10,199.98,203.24,73.38,Manitoba,-3.0,10.0,175.0,-35.0,-34.0,6.0,325,67706.0,4.0,0,49440.0
2020-07-11,175.81,171.75,60.16,Manitoba,-9.0,4.0,189.0,-26.0,-6.0,0.0,325,67706.0,4.0,0,49440.0
2020-07-12,149.61,125.99,55.29,Manitoba,-6.0,0.0,216.0,-30.0,-10.0,-3.0,325,67706.0,4.0,0,49440.0
2020-07-13,156.85,140.15,67.79,Manitoba,-3.0,2.0,82.0,-42.0,-36.0,10.0,325,70047.0,1.0,0,51149.0
2020-07-14,176.92,178.71,76.41,Manitoba,1.0,13.0,173.0,-37.0,-34.0,8.0,330,70351.0,5.0,5,51371.0
2020-07-15,177.16,171.73,74.44,Manitoba,3.0,11.0,158.0,-38.0,-33.0,8.0,330,70830.0,5.0,0,51721.0
2020-07-16,184.59,177.03,72.49,Manitoba,5.0,21.0,185.0,-38.0,-32.0,7.0,331,71534.0,6.0,1,52235.0
2020-07-17,197.18,180.33,64.93,Manitoba,-7.0,5.0,123.0,-41.0,-35.0,7.0,336,72334.0,11.0,5,52819.0
2020-07-18,174.89,163.14,59.81,Manitoba,-10.0,4.0,136.0,-30.0,-7.0,1.0,337,72334.0,12.0,1,52819.0
2020-07-19,148.79,123.97,56.4,Manitoba,-2.0,3.0,199.0,-29.0,-10.0,-2.0,343,72334.0,18.0,6,52819.0
2020-07-20,170.78,170.19,75.31,Manitoba,3.0,10.0,160.0,-38.0,-35.0,8.0,354,74634.0,29.0,11,54499.0
2020-07-21,172.93,168.69,71.64,Manitoba,1.0,13.0,170.0,-38.0,-34.0,8.0,366,75868.0,41.0,12,55400.0
2020-07-22,177.38,176.02,71.88,Manitoba,2.0,10.0,186.0,-38.0,-33.0,7.0,374,76604.0,49.0,8,55937.0
2020-07-23,177.96,167.46,71.35,Manitoba,1.0,15.0,156.0,-40.0,-32.0,8.0,375,77805.0,49.0,1,56814.0
2020-07-24,191.94,179.74,70.23,Manitoba,-7.0,8.0,144.0,-42.0,-34.0,7.0,384,79194.0,58.0,9,57828.0
2020-07-25,172.26,163.77,61.06,Manitoba,-13.0,1.0,167.0,-30.0,-7.0,1.0,388,79194.0,62.0,4,57828.0
2020-07-26,150.67,118.99,53.94,Manitoba,-6.0,1.0,219.0,-31.0,-9.0,-3.0,394,79194.0,68.0,6,57828.0
2020-07-27,169.19,164.1,70.2,Manitoba,1.0,9.0,169.0,-39.0,-36.0,8.0,400,82893.0,74.0,6,60529.0
2020-07-28,176.72,169.72,72.0,Manitoba,-2.0,11.0,192.0,-39.0,-35.0,8.0,405,83790.0,78.0,5,61184.0
2020-07-29,185.17,177.3,71.85,Manitoba,4.0,15.0,179.0,-39.0,-35.0,7.0,407,84415.0,74.0,2,61641.0
2020-07-30,188.38,178.63,74.21,Manitoba,6.0,22.0,189.0,-40.0,-35.0,7.0,409,85575.0,76.0,2,62488.0
2020-07-31,198.21,183.35,65.82,Manitoba,-2.0,15.0,156.0,-40.0,-37.0,6.0,415,86575.0,70.0,6,63218.0
2020-08-01,168.86,158.12,55.48,Manitoba,-12.0,1.0,202.0,-32.0,-11.0,-1.0,417,86575.0,72.0,2,63218.0
2020-08-02,146.27,121.16,55.95,Manitoba,-7.0,0.0,292.0,-38.0,-14.0,-3.0,435,86575.0,90.0,18,63218.0
2020-08-04,178.26,167.7,77.11,Manitoba,0.0,17.0,179.0,-41.0,-37.0,8.0,443,91697.0,94.0,1,66958.0
2020-08-05,190.26,179.13,77.09,Manitoba,4.0,16.0,172.0,-41.0,-35.0,7.0,444,92721.0,94.0,1,67706.0
2020-08-06,190.95,182.58,73.78,Manitoba,4.0,21.0,190.0,-41.0,-34.0,7.0,474,93298.0,118.0,30,68127.0
2020-08-07,207.98,184.54,73.25,Manitoba,-7.0,6.0,151.0,-43.0,-36.0,6.0,491,96553.0,132.0,17,70504.0
2020-08-08,184.75,171.86,67.72,Manitoba,-12.0,0.0,193.0,-33.0,-7.0,0.0,507,96553.0,148.0,16,70504.0
2020-08-09,148.25,120.13,60.82,Manitoba,-10.0,-3.0,141.0,-35.0,-13.0,-1.0,542,96553.0,182.0,35,70504.0
2020-08-10,176.0,161.2,73.13,Manitoba,-1.0,7.0,157.0,-40.0,-35.0,7.0,558,101101.0,196.0,16,73825.0
2020-08-11,178.16,169.56,72.34,Manitoba,-4.0,10.0,195.0,-43.0,-34.0,8.0,562,102391.0,194.0,4,74767.0
2020-08-12,177.3,171.01,68.32,Manitoba,-3.0,8.0,174.0,-43.0,-34.0,7.0,578,103994.0,202.0,16,75938.0
2020-08-13,172.23,149.78,66.35,Manitoba,-5.0,10.0,102.0,-47.0,-34.0,9.0,603,105705.0,218.0,25,77187.0
2020-08-14,190.15,158.82,64.3,Manitoba,-13.0,0.0,71.0,-49.0,-36.0,9.0,643,107925.0,246.0,40,78808.0
2020-08-15,171.7,158.56,63.6,Manitoba,-14.0,1.0,154.0,-35.0,-7.0,1.0,663,107925.0,211.0,20,78808.0
2020-08-16,152.69,128.16,58.51,Manitoba,-10.0,-3.0,200.0,-37.0,-10.0,-2.0,697,107925.0,205.0,34,78808.0
2020-09-11,180.68,179.5,77.07,Manitoba,-8.0,2.0,98.0,-38.0,-30.0,5.0,1393,148326.0,287.0,15,108309.0
2020-09-12,164.28,176.79,68.93,Manitoba,-10.0,-2.0,125.0,-30.0,-5.0,1.0,1410,148326.0,238.0,17,108309.0
2020-09-13,125.59,110.53,58.62,Manitoba,-9.0,0.0,100.0,-35.0,-10.0,0.0,1428,148326.0,239.0,18,108309.0
2020-09-14,143.78,140.99,80.85,Manitoba,-4.0,-3.0,70.0,-41.0,-28.0,7.0,1449,152086.0,257.0,21,111055.0
2020-09-15,148.82,151.61,80.54,Manitoba,-6.0,2.0,79.0,-40.0,-28.0,7.0,1466,153778.0,269.0,17,112291.0
2020-09-16,151.49,155.95,82.19,Manitoba,-6.0,-2.0,64.0,-40.0,-28.0,7.0,1489,155017.0,283.0,23,113195.0
2020-09-17,155.97,159.61,82.95,Manitoba,-5.0,3.0,71.0,-42.0,-26.0,7.0,1500,156387.0,293.0,11,114196.0
2020-09-18,178.02,186.71,82.15,Manitoba,-5.0,2.0,66.0,-41.0,-27.0,6.0,1540,157071.0,325.0,40,114695.0
2020-09-19,162.07,178.81,67.89,Manitoba,-9.0,-2.0,127.0,-34.0,-3.0,1.0,1558,157071.0,331.0,18,114695.0
2020-09-20,123.68,115.7,63.98,Manitoba,-8.0,-2.0,115.0,-38.0,-9.0,0.0,1586,157071.0,354.0,28,114695.0
2020-09-21,139.0,135.8,77.53,Manitoba,-7.0,-2.0,65.0,-44.0,-29.0,8.0,1608,161953.0,363.0,22,118260.0
2020-09-22,143.71,159.06,80.73,Manitoba,-9.0,1.0,129.0,-42.0,-28.0,7.0,1632,163186.0,380.0,24,119160.0
2020-09-23,138.56,143.97,74.35,Manitoba,-12.0,-1.0,39.0,-45.0,-26.0,8.0,1674,164875.0,418.0,42,120394.0
2020-09-24,144.22,148.5,72.64,Manitoba,-8.0,3.0,77.0,-44.0,-24.0,7.0,1711,166556.0,449.0,37,121621.0
2020-09-25,165.85,169.32,77.78,Manitoba,-11.0,0.0,90.0,-44.0,-25.0,6.0,1764,168637.0,487.0,53,123141.0
2020-09-26,149.6,153.12,67.15,Manitoba,-12.0,0.0,94.0,-41.0,-3.0,2.0,1829,168637.0,545.0,65,123141.0
2020-09-27,111.04,100.59,52.52,Manitoba,-15.0,-2.0,46.0,-45.0,-10.0,2.0,1880,168637.0,589.0,51,123141.0
2020-09-28,126.78,125.43,67.58,Manitoba,-10.0,-2.0,32.0,-47.0,-26.0,8.0,1919,174984.0,618.0,39,127775.0
2020-09-29,132.11,136.94,70.58,Manitoba,-11.0,2.0,72.0,-46.0,-26.0,8.0,1953,176888.0,606.0,34,129166.0
2020-09-30,130.88,129.52,70.03,Manitoba,-12.0,0.0,9.0,-47.0,-27.0,8.0,1993,178777.0,599.0,40,130545.0
2020-10-01,134.13,133.46,68.62,Manitoba,-9.0,6.0,31.0,-47.0,-24.0,8.0,2029,180920.0,621.0,36,132110.0
2020-10-02,150.72,149.65,68.13,Manitoba,-14.0,-2.0,24.0,-44.0,-25.0,8.0,2072,182263.0,652.0,43,133091.0
2020-10-03,135.87,138.74,61.46,Manitoba,-14.0,-2.0,49.0,-41.0,-5.0,4.0,2108,182263.0,677.0,36,133091.0
2020-10-04,104.48,92.74,50.87,Manitoba,-15.0,-3.0,52.0,-45.0,-12.0,3.0,2140,182263.0,696.0,32,133091.0
2020-10-05,124.02,128.08,75.1,Manitoba,-11.0,-3.0,42.0,-43.0,-26.0,8.0,2191,187564.0,739.0,51,136962.0
2020-10-06,126.8,131.98,69.57,Manitoba,-14.0,2.0,42.0,-45.0,-27.0,8.0,2246,189476.0,781.0,55,138358.0
2020-10-07,128.97,129.81,69.06,Manitoba,-13.0,0.0,37.0,-45.0,-25.0,8.0,2278,191881.0,803.0,32,140114.0
2020-10-08,134.56,131.45,69.4,Manitoba,-10.0,7.0,45.0,-45.0,-23.0,8.0,2344,194567.0,863.0,66,142075.0
2020-10-09,153.5,151.98,70.29,Manitoba,-13.0,6.0,32.0,-45.0,-26.0,8.0,2428,197550.0,933.0,84,144253.0
2020-10-10,123.63,119.34,60.74,Manitoba,-18.0,5.0,43.0,-41.0,-7.0,4.0,2524,197550.0,1017.0,96,144253.0
2020-10-11,88.9,81.38,49.62,Manitoba,-28.0,-4.0,29.0,-49.0,-13.0,2.0,2578,197550.0,1063.0,54,144253.0
2020-10-12,85.69,82.97,55.15,Manitoba,-44.0,-38.0,95.0,-67.0,-76.0,20.0,2655,197550.0,1131.0,77,144253.0
2020-10-13,124.05,129.28,66.79,Manitoba,-17.0,-3.0,26.0,-44.0,-27.0,9.0,2779,207039.0,1248.0,124,151182.0
2020-10-14,121.83,119.6,62.68,Manitoba,-16.0,-4.0,10.0,-46.0,-25.0,10.0,2925,209302.0,1374.0,146,152835.0
2020-10-15,129.46,129.83,72.07,Manitoba,-12.0,2.0,12.0,-46.0,-23.0,10.0,3098,211508.0,1527.0,173,154446.0
2020-10-16,144.29,131.58,68.08,Manitoba,-16.0,-3.0,-6.0,-48.0,-25.0,10.0,3173,213607.0,1582.0,75,155978.0
2020-10-17,127.3,121.61,56.74,Manitoba,-17.0,-4.0,3.0,-44.0,-5.0,7.0,3258,213607.0,1648.0,85,155978.0
2020-10-18,92.16,78.86,53.09,Manitoba,-22.0,-9.0,-7.0,-50.0,-13.0,6.0,3302,213607.0,1675.0,44,155978.0
2020-10-19,114.37,110.39,65.16,Manitoba,-15.0,-9.0,8.0,-49.0,-25.0,10.0,3382,220294.0,1743.0,80,160861.0
2020-10-20,121.03,110.45,67.66,Manitoba,-14.0,-2.0,3.0,-46.0,-26.0,10.0,3491,222635.0,1746.0,109,162571.0
2020-10-21,118.65,115.19,62.9,Manitoba,-17.0,-4.0,-6.0,-44.0,-25.0,10.0,3626,224779.0,1774.0,135,164136.0
2020-10-22,123.57,118.72,63.32,Manitoba,-12.0,4.0,9.0,-43.0,-23.0,10.0,3773,227104.0,1806.0,147,165834.0
2020-10-23,142.26,130.2,63.55,Manitoba,-16.0,-2.0,-8.0,-46.0,-28.0,11.0,3935,229636.0,1855.0,162,167683.0
2020-10-24,121.85,113.81,57.94,Manitoba,-18.0,-2.0,-15.0,-42.0,-7.0,7.0,4088,229636.0,1922.0,153,167683.0
2020-10-25,90.22,78.31,48.69,Manitoba,-22.0,-8.0,-9.0,-46.0,-13.0,6.0,4249,229636.0,2053.0,161,167683.0
2020-10-26,111.11,112.07,63.85,Manitoba,-17.0,-7.0,-6.0,-48.0,-25.0,10.0,4349,236208.0,2117.0,100,172482.0
2020-10-27,112.22,108.49,65.59,Manitoba,-23.0,-9.0,-11.0,-48.0,-26.0,11.0,4532,237995.0,2238.0,183,173787.0
2020-10-28,113.65,112.38,62.24,Manitoba,-17.0,-2.0,-11.0,-45.0,-25.0,11.0,4701,241420.0,2334.0,169,176288.0
2020-10-29,119.42,110.58,62.22,Manitoba,-12.0,6.0,-8.0,-49.0,-24.0,10.0,4894,244827.0,2409.0,193,178776.0
2020-10-30,130.45,124.16,57.56,Manitoba,-17.0,4.0,-24.0,-49.0,-25.0,10.0,5374,248031.0,2737.0,480,181115.0
2020-10-31,99.6,102.05,49.87,Manitoba,-27.0,-3.0,-39.0,-50.0,-8.0,9.0,5723,248031.0,3010.0,349,181115.0
2020-11-01,77.19,81.23,48.2,Manitoba,-28.0,-9.0,-22.0,-51.0,-16.0,6.0,6034,248031.0,3255.0,311,181115.0
