date,days_post_first_lockdown,day_of_week,holiday,region,stringency_index,driving,walking,transit,retail_and_recreation,grocery_and_pharmacy,parks,transit_stations,workplaces,residential,numtotal,numdeaths,numactive,numtoday,ratetotal,ratetested
2020-03-11,0,2,0,Alberta,13.89,7.6299999999999955,25.489999999999995,0.9200000000000017,3.0,11.0,16.0,-5.0,4.0,1.0,14,0.0,14.0,0,0.32,450.0
2020-03-12,1,3,0,Alberta,22.22,3.6299999999999955,16.47,-7.590000000000003,4.0,29.0,-6.0,-8.0,2.0,1.0,19,0.0,19.0,5,0.43,940.0
2020-03-13,2,4,0,Alberta,22.22,1.9099999999999966,12.36,-17.78,-8.0,30.0,-28.0,-17.0,-3.0,5.0,23,0.0,23.0,4,0.53,940.0
2020-03-14,3,5,0,Alberta,24.07,-18.430000000000007,2.269999999999996,-40.01,-19.0,12.0,-45.0,-26.0,-5.0,7.0,29,0.0,29.0,6,0.66,1200.0
2020-03-15,4,6,0,Alberta,24.07,-35.730000000000004,-22.680000000000007,-52.4,-18.0,9.0,-28.0,-25.0,-7.0,5.0,39,0.0,39.0,10,0.89,1200.0
2020-03-16,5,0,0,Alberta,43.52,-25.959999999999994,-6.920000000000002,-45.69,-11.0,31.0,-13.0,-39.0,-22.0,9.0,56,0.0,56.0,17,1.28,2342.0
2020-03-17,6,1,0,Alberta,43.52,-28.950000000000003,-14.280000000000001,-48.63,-21.0,17.0,-12.0,-45.0,-29.0,13.0,74,0.0,74.0,18,1.69,2628.0
2020-03-18,7,2,0,Alberta,61.11,-33.53,-23.0,-58.57,-31.0,11.0,-24.0,-52.0,-35.0,16.0,97,0.0,97.0,23,2.22,3131.0
2020-03-19,8,3,0,Alberta,61.11,-34.400000000000006,-22.980000000000004,-64.36,-35.0,3.0,-28.0,-56.0,-39.0,18.0,146,1.0,145.0,49,3.34,3776.0
2020-03-20,9,4,0,Alberta,71.3,-28.25,-13.900000000000006,-63.7,-38.0,4.0,-9.0,-53.0,-40.0,19.0,195,1.0,194.0,49,4.46,4525.0
2020-03-21,10,5,0,Alberta,71.3,-41.64,-29.39,-71.67,-46.0,-9.0,8.0,-47.0,-30.0,13.0,226,1.0,225.0,31,5.17,5275.0
2020-03-22,11,6,0,Alberta,71.3,-52.96,-36.98,-74.35,-49.0,-21.0,16.0,-51.0,-34.0,11.0,259,1.0,258.0,33,5.92,6176.0
2020-03-23,12,0,0,Alberta,72.69,-42.58,-27.989999999999995,-70.95,-43.0,-11.0,-22.0,-63.0,-46.0,19.0,301,1.0,300.0,42,6.89,6807.0
2020-03-24,13,1,0,Alberta,72.69,-45.55,-29.650000000000006,-74.13,-48.0,-16.0,-31.0,-66.0,-49.0,22.0,358,2.0,356.0,57,8.19,7498.0
2020-03-25,14,2,0,Alberta,72.69,-43.4,-29.200000000000003,-73.82,-47.0,-11.0,-25.0,-66.0,-50.0,22.0,419,2.0,417.0,61,9.59,8123.0
2020-03-26,15,3,0,Alberta,72.69,-42.36,-27.900000000000006,-75.43,-47.0,-12.0,-24.0,-68.0,-51.0,22.0,486,2.0,457.0,67,11.12,8373.0
2020-03-27,16,4,0,Alberta,72.69,-35.45,-18.379999999999995,-74.12,-48.0,-11.0,-16.0,-65.0,-50.0,23.0,542,2.0,513.0,56,12.4,8742.0
2020-03-28,17,5,0,Alberta,72.69,-49.16,-37.36,-79.37,-55.0,-21.0,-40.0,-63.0,-40.0,16.0,542,2.0,487.0,0,12.4,8742.0
2020-03-29,18,6,0,Alberta,72.69,-56.59,-42.28,-79.47,-55.0,-29.0,-23.0,-63.0,-41.0,13.0,621,2.0,546.0,79,14.21,10088.0
2020-03-30,19,0,0,Alberta,72.69,-47.02,-37.5,-75.36,-50.0,-22.0,-49.0,-71.0,-52.0,21.0,690,8.0,588.0,69,15.78,10536.0
2020-03-31,20,1,0,Alberta,72.69,-48.56,-37.21,-77.38,-51.0,-21.0,-47.0,-70.0,-53.0,23.0,754,9.0,625.0,64,17.25,11139.0
2020-04-01,21,2,0,Alberta,74.54,-45.5,-36.06,-75.9,-47.0,-13.0,-49.0,-71.0,-53.0,23.0,754,9.0,603.0,0,17.25,12157.0
2020-04-02,22,3,0,Alberta,74.54,-45.28,-37.79,-77.1,-49.0,-15.0,-48.0,-72.0,-53.0,24.0,968,13.0,781.0,214,22.14,13062.0
2020-04-03,23,4,0,Alberta,74.54,-38.48,-33.150000000000006,-77.84,-51.0,-16.0,-49.0,-71.0,-52.0,25.0,1075,18.0,1057.0,107,24.59,13842.0
2020-04-04,24,5,0,Alberta,72.69,-47.55,-33.09,-79.2,-53.0,-20.0,-31.0,-63.0,-42.0,16.0,1075,18.0,1057.0,0,24.59,14302.0
2020-04-05,25,6,0,Alberta,72.69,-59.32,-49.46,-81.64,-57.0,-33.0,-51.0,-69.0,-43.0,14.0,1250,23.0,987.0,175,28.6,14484.0
2020-04-06,26,0,0,Alberta,72.69,-45.21,-28.75,-76.23,-47.0,-17.0,-26.0,-69.0,-52.0,21.0,1348,24.0,963.0,98,30.84,14683.0
2020-04-07,27,1,0,Alberta,72.69,-43.89,-28.010000000000005,-77.35,-48.0,-15.0,-36.0,-70.0,-53.0,23.0,1373,26.0,1347.0,25,31.41,14930.0
2020-04-08,28,2,0,Alberta,72.69,-39.58,-22.510000000000005,-76.06,-45.0,-8.0,-23.0,-69.0,-53.0,22.0,1423,29.0,1394.0,50,32.55,15278.0
2020-04-09,29,3,0,Alberta,72.69,-29.180000000000007,-10.799999999999997,-76.21000000000001,-36.0,9.0,-10.0,-67.0,-54.0,21.0,1451,32.0,1419.0,28,33.19,15582.0
2020-04-10,30,4,1,Alberta,72.69,-44.31,-29.849999999999994,-80.76,-57.0,-17.0,-37.0,-77.0,-78.0,32.0,1500,39.0,1461.0,49,34.31,16032.0
2020-04-11,31,5,0,Alberta,72.69,-46.16,-33.31,-81.16,-52.0,-13.0,-44.0,-64.0,-45.0,16.0,1569,40.0,1529.0,69,35.89,16649.0
2020-04-12,32,6,0,Alberta,72.69,-59.79,-50.04,-83.05,-63.0,-40.0,-43.0,-67.0,-46.0,14.0,1651,44.0,1607.0,82,37.77,17091.0
2020-04-13,33,0,0,Alberta,72.69,-44.13,-31.42,-78.2,-48.0,-19.0,-19.0,-71.0,-59.0,23.0,1732,46.0,1686.0,81,39.62,17616.0
2020-04-14,34,1,0,Alberta,72.69,-38.88,-27.67,-77.08,-46.0,-15.0,-30.0,-69.0,-53.0,23.0,1870,48.0,1822.0,138,42.78,18231.0
2020-04-15,35,2,0,Alberta,72.69,-35.78,-24.069999999999993,-77.41,-45.0,-10.0,-37.0,-70.0,-53.0,23.0,1996,48.0,1948.0,126,45.66,18231.0
2020-04-16,36,3,0,Alberta,72.69,-31.060000000000002,-9.739999999999995,-76.92,-41.0,-4.0,-5.0,-67.0,-53.0,22.0,2158,50.0,2108.0,162,49.37,19560.0
2020-04-17,37,4,0,Alberta,72.69,-24.930000000000007,-9.560000000000002,-77.57,-45.0,-11.0,-28.0,-67.0,-52.0,24.0,2397,50.0,2347.0,239,54.83,20393.0
2020-04-18,38,5,0,Alberta,72.69,-33.89,-14.719999999999999,-78.01,-49.0,-16.0,-21.0,-56.0,-38.0,15.0,2562,51.0,1349.0,165,58.61,21266.0
2020-04-19,39,6,0,Alberta,72.69,-43.24,-19.019999999999996,-77.81,-47.0,-23.0,21.0,-54.0,-37.0,11.0,2562,51.0,1349.0,0,58.61,22231.0
2020-04-20,40,0,0,Alberta,72.69,-29.019999999999996,1.6899999999999977,-73.41,-40.0,-12.0,17.0,-63.0,-51.0,19.0,2908,59.0,1619.0,346,66.52,23082.0
2020-04-21,41,1,0,Alberta,72.69,-27.14,2.019999999999996,-73.16,-41.0,-11.0,18.0,-64.0,-51.0,20.0,3095,61.0,1761.0,187,70.8,23876.0
2020-04-22,42,2,0,Alberta,72.69,-26.159999999999997,-3.5400000000000063,-74.94,-42.0,-9.0,-10.0,-66.0,-51.0,21.0,3401,66.0,2025.0,306,77.8,24826.0
2020-04-23,43,3,0,Alberta,72.69,-22.980000000000004,-3.219999999999999,-74.55,-42.0,-8.0,-13.0,-66.0,-51.0,21.0,3720,67.0,2296.0,319,85.1,25750.0
2020-04-24,44,4,0,Alberta,72.69,-12.969999999999999,10.040000000000006,-71.82,-44.0,-9.0,4.0,-63.0,-50.0,21.0,4017,72.0,2548.0,297,91.89,26733.0
2020-04-25,45,5,0,Alberta,72.69,-24.980000000000004,-2.989999999999995,-75.52,-45.0,-14.0,6.0,-52.0,-37.0,13.0,4233,73.0,2689.0,216,96.84,27736.0
2020-04-26,46,6,0,Alberta,72.69,-38.15,-17.989999999999995,-75.5,-45.0,-20.0,8.0,-56.0,-38.0,11.0,4480,73.0,2858.0,247,102.49,28666.0
2020-04-27,47,0,0,Alberta,72.69,-23.36,-6.510000000000005,-72.42,-41.0,-13.0,-11.0,-65.0,-50.0,19.0,4696,75.0,2957.0,216,107.43,29479.0
2020-04-28,48,1,0,Alberta,72.69,-18.180000000000007,10.099999999999994,-70.17,-39.0,-8.0,23.0,-63.0,-51.0,12.0,4850,80.0,2970.0,154,110.95,30145.0
2020-04-29,49,2,0,Alberta,72.69,-16.17,15.260000000000005,-70.46000000000001,-39.0,-5.0,19.0,-64.0,-51.0,20.0,5165,87.0,3125.0,315,118.16,31229.0
2020-04-30,50,3,0,Alberta,72.69,-13.969999999999999,4.680000000000007,-71.52,-40.0,-6.0,-12.0,-65.0,-51.0,20.0,5355,89.0,3105.0,190,122.5,32269.0
2020-05-01,51,4,0,Alberta,72.69,-0.9699999999999989,28.19999999999999,-69.43,-39.0,-4.0,19.0,-58.0,-49.0,20.0,5573,92.0,3122.0,218,127.49,33267.0
2020-05-02,52,5,0,Alberta,72.69,-11.959999999999994,22.03,-70.08,-40.0,-7.0,55.0,-44.0,-34.0,10.0,5670,94.0,3042.0,97,129.71,34030.0
2020-05-03,53,6,0,Alberta,72.69,-32.28,-11.780000000000001,-73.21000000000001,-44.0,-20.0,-1.0,-55.0,-34.0,10.0,5766,95.0,2958.0,96,131.91,34800.0
2020-05-04,54,0,0,Alberta,72.69,-20.120000000000005,-4.189999999999998,-68.86,-40.0,-11.0,-27.0,-66.0,-50.0,19.0,5836,104.0,2790.0,70,133.51,34800.0
2020-05-05,55,1,0,Alberta,72.69,-8.459999999999994,22.480000000000004,-67.82,-34.0,0.0,49.0,-60.0,-49.0,18.0,5893,106.0,2568.0,57,134.81,35947.0
2020-05-06,56,2,0,Alberta,72.69,-5.950000000000003,20.200000000000003,-67.93,-36.0,-2.0,20.0,-62.0,-49.0,19.0,5963,112.0,2299.0,70,136.41,36645.0
2020-05-07,57,3,0,Alberta,72.69,-8.11,18.189999999999998,-68.88,-37.0,-2.0,6.0,-63.0,-49.0,19.0,6017,114.0,2094.0,54,137.65,37405.0
2020-05-08,58,4,0,Alberta,72.69,2.700000000000003,24.519999999999996,-66.87,-40.0,-2.0,-1.0,-61.0,-47.0,20.0,6098,115.0,1963.0,81,139.5,38050.0
2020-05-09,59,5,0,Alberta,72.69,-4.480000000000004,25.909999999999997,-69.87,-38.0,4.0,24.0,-50.0,-30.0,10.0,6157,116.0,1837.0,59,140.85,38756.0
2020-05-10,60,6,0,Alberta,72.69,-28.269999999999996,-6.269999999999996,-74.24,-37.0,-6.0,-9.0,-55.0,-29.0,8.0,6253,117.0,1747.0,96,143.05,39581.0
2020-05-13,63,2,0,Alberta,70.83,2.0600000000000023,39.0,-66.44,-31.0,3.0,57.0,-58.0,-46.0,17.0,6407,120.0,1211.0,62,146.57,41549.0
2020-05-14,64,3,0,Alberta,70.83,6.709999999999994,34.33000000000001,-64.72999999999999,-30.0,3.0,22.0,-60.0,-47.0,17.0,6457,121.0,1131.0,50,147.71,42446.0
2020-05-15,65,4,0,Alberta,70.83,22.930000000000007,54.94,-63.06,-31.0,2.0,54.0,-54.0,-47.0,16.0,6515,125.0,1073.0,58,149.04,43288.0
2020-05-16,66,5,0,Alberta,70.83,8.510000000000005,49.25999999999999,-62.36,-33.0,-1.0,109.0,-40.0,-29.0,7.0,6587,126.0,1084.0,72,150.69,44174.0
2020-05-17,67,6,0,Alberta,70.83,-10.040000000000006,27.730000000000004,-66.1,-30.0,-9.0,107.0,-44.0,-27.0,5.0,6644,127.0,1064.0,57,151.99,44908.0
2020-05-18,68,0,1,Alberta,70.83,-9.700000000000003,23.39,-64.4,-34.0,-5.0,88.0,-65.0,-76.0,21.0,6683,128.0,1036.0,39,152.88,45578.0
2020-05-19,69,1,0,Alberta,70.83,2.719999999999999,37.94999999999999,-61.65,-27.0,0.0,31.0,-58.0,-46.0,17.0,6716,128.0,1004.0,33,153.64,46046.0
2020-05-20,70,2,0,Alberta,70.83,5.519999999999996,38.66999999999999,-61.83,-24.0,7.0,5.0,-60.0,-45.0,17.0,6716,128.0,1004.0,0,153.64,46530.0
2020-05-21,71,3,0,Alberta,70.83,-2.1899999999999977,18.849999999999994,-67.78,-32.0,-3.0,-43.0,-66.0,-47.0,21.0,6768,132.0,926.0,52,154.83,47075.0
2020-05-22,72,4,0,Alberta,70.83,12.129999999999995,40.75,-64.31,-33.0,-1.0,-24.0,-62.0,-43.0,19.0,6800,134.0,865.0,32,155.56,47906.0
2020-05-23,73,5,0,Alberta,70.83,9.86,48.27000000000001,-63.85,-29.0,3.0,54.0,-43.0,-20.0,9.0,6818,135.0,814.0,18,155.97,48664.0
2020-05-24,74,6,0,Alberta,70.83,-0.6899999999999977,38.31999999999999,-61.14,-24.0,-5.0,148.0,-39.0,-22.0,4.0,6860,135.0,801.0,42,156.93,49451.0
2020-05-25,75,0,0,Alberta,70.83,9.010000000000005,50.47999999999999,-56.67,-20.0,0.0,48.0,-55.0,-44.0,14.0,6879,138.0,762.0,19,157.37,50040.0
2020-05-26,76,1,0,Alberta,70.83,9.36,43.46000000000001,-57.53,-23.0,-1.0,28.0,-58.0,-42.0,16.0,6901,139.0,714.0,22,157.87,50596.0
2020-05-27,77,2,0,Alberta,70.83,16.540000000000006,51.71000000000001,-57.07,-19.0,9.0,49.0,-56.0,-42.0,15.0,6926,141.0,679.0,25,158.44,51191.0
2020-05-28,78,3,0,Alberta,70.83,20.799999999999997,59.96000000000001,-57.2,-19.0,9.0,63.0,-55.0,-41.0,15.0,6955,143.0,652.0,29,159.11,51784.0
2020-05-29,79,4,0,Alberta,70.83,36.110000000000014,74.6,-54.33,-23.0,7.0,71.0,-52.0,-40.0,14.0,6979,143.0,616.0,24,159.65,52541.0
2020-05-30,80,5,0,Alberta,70.83,25.700000000000003,71.25999999999999,-56.99,-23.0,6.0,138.0,-36.0,-12.0,4.0,6992,143.0,604.0,13,159.95,53234.0
2020-05-31,81,6,0,Alberta,70.83,-6.540000000000006,12.540000000000006,-64.05,-28.0,-11.0,21.0,-47.0,-16.0,6.0,7010,143.0,584.0,18,160.36,53854.0
2020-06-01,82,0,0,Alberta,70.83,16.450000000000003,59.349999999999994,-49.63,-15.0,6.0,52.0,-53.0,-40.0,13.0,7044,143.0,400.0,34,161.14,54388.0
2020-06-02,83,1,0,Alberta,70.83,19.78,65.41999999999999,-51.74,-17.0,7.0,90.0,-53.0,-40.0,14.0,7057,143.0,377.0,13,161.44,55012.0
2020-06-03,84,2,0,Alberta,70.83,21.659999999999997,65.22999999999999,-50.95,-17.0,8.0,59.0,-53.0,-40.0,14.0,7076,145.0,344.0,19,161.87,55997.0
2020-06-04,85,3,0,Alberta,70.83,22.909999999999997,58.93000000000001,-53.54,-18.0,8.0,52.0,-54.0,-40.0,14.0,7091,146.0,334.0,15,162.22,56830.0
2020-06-05,86,4,0,Alberta,70.83,42.849999999999994,92.06,-48.93,-21.0,5.0,94.0,-49.0,-38.0,13.0,7098,146.0,328.0,7,162.38,58118.0
2020-06-06,87,5,0,Alberta,70.83,18.799999999999997,59.74000000000001,-58.18,-25.0,-1.0,52.0,-42.0,-15.0,7.0,7138,146.0,336.0,40,163.29,59257.0
2020-06-07,88,6,0,Alberta,70.83,-10.459999999999994,9.260000000000005,-62.87,-30.0,-12.0,-25.0,-52.0,-19.0,8.0,7138,146.0,336.0,0,163.29,59257.0
2020-06-08,89,0,0,Alberta,70.83,16.11,51.66999999999999,-52.13,-16.0,3.0,42.0,-53.0,-39.0,13.0,7202,149.0,355.0,64,164.76,61460.0
2020-06-09,90,1,0,Alberta,70.83,23.39,69.02000000000001,-48.16,-15.0,3.0,90.0,-52.0,-39.0,13.0,7229,151.0,356.0,27,165.37,62445.0
2020-06-10,91,2,0,Alberta,70.83,32.16999999999999,80.56,-47.53,-10.0,12.0,100.0,-51.0,-38.0,12.0,7276,151.0,371.0,47,166.45,63724.0
2020-06-11,92,3,0,Alberta,70.83,35.400000000000006,80.19,-47.84,-12.0,11.0,91.0,-51.0,-39.0,12.0,7316,149.0,379.0,40,167.36,65149.0
2020-06-12,93,4,0,Alberta,70.83,51.30000000000001,96.24000000000001,-45.12,-18.0,5.0,98.0,-49.0,-37.0,11.0,7346,149.0,386.0,30,168.05,66646.0
2020-06-13,94,5,0,Alberta,70.83,31.330000000000013,67.08000000000001,-52.63,-20.0,1.0,95.0,-35.0,-10.0,5.0,7383,150.0,403.0,37,168.9,67968.0
2020-06-14,95,6,0,Alberta,70.83,9.030000000000001,32.22,-54.94,-18.0,-5.0,81.0,-37.0,-12.0,3.0,7433,150.0,422.0,50,170.04,69524.0
2020-06-15,96,0,0,Alberta,70.83,28.580000000000013,69.71000000000001,-45.33,-11.0,5.0,60.0,-49.0,-38.0,12.0,7453,151.0,440.0,20,170.5,70205.0
2020-06-16,97,1,0,Alberta,70.83,32.41,77.13999999999999,-44.57,-11.0,4.0,78.0,-49.0,-37.0,12.0,7482,151.0,449.0,29,171.16,71455.0
2020-06-17,98,2,0,Alberta,70.83,28.439999999999998,62.56999999999999,-50.4,-14.0,6.0,7.0,-54.0,-38.0,14.0,7530,151.0,486.0,48,172.26,72810.0
2020-06-18,99,3,0,Alberta,70.83,39.97999999999999,82.87,-45.35,-10.0,13.0,69.0,-50.0,-38.0,12.0,7579,152.0,489.0,49,173.38,74340.0
2020-06-19,100,4,0,Alberta,70.83,64.0,111.53999999999999,-42.23,-13.0,11.0,111.0,-46.0,-36.0,8.0,7625,152.0,512.0,46,174.43,76125.0
2020-06-20,101,5,0,Alberta,70.83,48.31,97.99000000000001,-47.37,-16.0,8.0,173.0,-32.0,-8.0,2.0,7673,152.0,525.0,48,175.53,77589.0
2020-06-21,102,6,0,Alberta,70.83,13.25,30.5,-56.31,-14.0,-1.0,117.0,-36.0,-8.0,1.0,7704,152.0,534.0,31,176.24,79141.0
2020-06-22,103,0,0,Alberta,68.98,41.46000000000001,88.47,-39.88,-10.0,6.0,109.0,-47.0,-39.0,10.0,7736,153.0,542.0,32,176.97,80438.0
2020-06-23,104,1,0,Alberta,68.98,42.81999999999999,87.53,-43.06,-11.0,5.0,103.0,-48.0,-39.0,11.0,7781,153.0,532.0,45,178.0,81701.0
2020-06-24,105,2,0,Alberta,68.98,41.91,83.47999999999999,-43.37,-11.0,10.0,54.0,-51.0,-37.0,12.0,7825,153.0,538.0,44,179.01,82972.0
2020-06-25,106,3,0,Alberta,68.98,54.370000000000005,99.96000000000001,-40.88,-9.0,14.0,111.0,-48.0,-37.0,10.0,7851,154.0,506.0,26,179.6,84170.0
2020-06-26,107,4,0,Alberta,68.98,66.86000000000001,103.85,-40.37,-16.0,6.0,90.0,-46.0,-36.0,10.0,7888,154.0,509.0,37,180.45,85429.0
2020-06-27,108,5,0,Alberta,68.98,40.93000000000001,77.00999999999999,-49.02,-20.0,0.0,86.0,-36.0,-11.0,4.0,7957,154.0,520.0,69,182.03,86617.0
2020-06-28,109,6,0,Alberta,68.98,14.370000000000005,34.379999999999995,-54.4,-20.0,-7.0,40.0,-40.0,-10.0,4.0,7996,154.0,520.0,39,182.92,87850.0
2020-06-29,110,0,0,Alberta,68.98,39.53,76.24000000000001,-39.53,-8.0,6.0,72.0,-49.0,-39.0,10.0,8067,154.0,559.0,71,184.54,89146.0
2020-06-30,111,1,0,Alberta,68.98,43.06,75.84,-47.19,-7.0,8.0,16.0,-55.0,-40.0,12.0,8108,154.0,547.0,41,185.48,90525.0
2020-07-01,112,2,1,Alberta,68.98,29.650000000000006,73.28,-48.42,-14.0,12.0,121.0,-60.0,-67.0,18.0,8108,154.0,547.0,0,185.48,90525.0
2020-07-02,113,3,0,Alberta,68.98,55.00999999999999,89.16,-39.56,-9.0,14.0,86.0,-50.0,-42.0,11.0,8202,155.0,542.0,94,187.63,93190.0
2020-07-03,114,4,0,Alberta,68.98,77.75,120.56,-39.85,-13.0,10.0,176.0,-45.0,-42.0,9.0,8259,155.0,572.0,57,188.94,94443.0
2020-07-04,115,5,0,Alberta,68.98,49.06999999999999,98.07,-48.35,-20.0,-1.0,161.0,-36.0,-11.0,2.0,8259,155.0,572.0,0,188.94,94443.0
2020-07-05,116,6,0,Alberta,68.98,35.03999999999999,56.30000000000001,-51.84,-14.0,-3.0,161.0,-32.0,-11.0,0.0,8259,155.0,572.0,0,188.94,94443.0
2020-07-06,117,0,0,Alberta,68.98,47.08000000000001,90.16999999999999,-39.54,-7.0,8.0,120.0,-46.0,-39.0,9.0,8389,155.0,607.0,130,191.91,97525.0
2020-07-07,118,1,0,Alberta,68.98,42.18000000000001,81.50999999999999,-42.72,-11.0,6.0,54.0,-51.0,-39.0,12.0,8436,157.0,620.0,47,192.99,98621.0
2020-07-08,119,2,0,Alberta,68.98,42.69999999999999,79.19999999999999,-43.19,-9.0,12.0,39.0,-52.0,-39.0,12.0,8482,158.0,608.0,46,194.04,99706.0
2020-07-09,120,3,0,Alberta,67.13,57.620000000000005,101.72999999999999,-40.29,-7.0,15.0,98.0,-48.0,-38.0,10.0,8519,161.0,584.0,37,194.88,100930.0
2020-07-10,121,4,0,Alberta,67.13,80.78,127.41999999999999,-38.13,-13.0,11.0,142.0,-44.0,-36.0,8.0,8596,160.0,592.0,77,196.65,102299.0
2020-07-11,122,5,0,Alberta,67.13,68.47999999999999,119.63999999999999,-42.01,-16.0,4.0,224.0,-31.0,-8.0,0.0,8596,160.0,592.0,0,196.65,102299.0
2020-07-12,123,6,0,Alberta,67.13,38.03,58.31,-49.5,-15.0,-3.0,123.0,-34.0,-10.0,1.0,8596,160.0,592.0,0,196.65,102299.0
2020-07-13,124,0,0,Alberta,67.13,48.69,82.1,-39.51,-8.0,5.0,75.0,-48.0,-39.0,9.0,8826,161.0,676.0,230,201.91,106712.0
2020-07-14,125,1,0,Alberta,67.13,53.44,99.13,-37.82,-6.0,8.0,132.0,-49.0,-38.0,10.0,8912,163.0,701.0,86,203.87,107718.0
2020-07-15,126,2,0,Alberta,67.13,54.83000000000001,97.57,-41.09,-5.0,13.0,101.0,-49.0,-37.0,10.0,8994,163.0,704.0,82,205.75,108739.0
2020-07-16,127,3,0,Alberta,67.13,58.71000000000001,93.50999999999999,-42.03,-10.0,12.0,86.0,-50.0,-38.0,10.0,9114,165.0,807.0,120,208.5,110072.0
2020-07-17,128,4,0,Alberta,67.13,75.27000000000001,117.08000000000001,-40.59,-13.0,10.0,114.0,-45.0,-37.0,9.0,9219,167.0,859.0,105,210.9,111139.0
2020-07-18,129,5,0,Alberta,67.13,59.72999999999999,111.36000000000001,-47.31,-15.0,5.0,180.0,-31.0,-8.0,1.0,9219,167.0,859.0,0,210.9,111139.0
2020-07-19,130,6,0,Alberta,67.13,33.08000000000001,46.349999999999994,-52.65,-14.0,-3.0,127.0,-34.0,-11.0,0.0,9219,167.0,859.0,0,210.9,111139.0
2020-07-20,131,0,0,Alberta,67.13,54.620000000000005,97.72999999999999,-39.33,-6.0,10.0,135.0,-46.0,-39.0,8.0,9587,170.0,1109.0,368,219.32,115112.0
2020-07-21,132,1,0,Alberta,67.13,52.56,94.00999999999999,-40.15,-8.0,7.0,135.0,-49.0,-39.0,9.0,9728,172.0,1193.0,141,222.54,116431.0
2020-07-22,133,2,0,Alberta,67.13,55.55000000000001,96.38999999999999,-38.12,-8.0,12.0,119.0,-50.0,-37.0,10.0,9861,174.0,1251.0,133,225.58,117754.0
2020-07-23,134,3,0,Alberta,67.13,55.84,88.68,-44.0,-12.0,9.0,72.0,-51.0,-38.0,10.0,9975,176.0,1293.0,114,228.19,119122.0
2020-07-24,135,4,0,Alberta,67.13,72.93,105.75999999999999,-43.11,-17.0,6.0,90.0,-48.0,-36.0,9.0,10086,178.0,1341.0,111,230.73,120593.0
2020-07-25,136,5,0,Alberta,67.13,58.629999999999995,108.41999999999999,-44.84,-17.0,3.0,177.0,-33.0,-8.0,1.0,10086,178.0,1341.0,0,230.73,120593.0
2020-07-26,137,6,0,Alberta,67.13,44.43000000000001,67.37,-49.83,-12.0,0.0,217.0,-31.0,-8.0,-2.0,10086,178.0,1341.0,0,230.73,120593.0
2020-07-27,138,0,0,Alberta,67.13,57.41999999999999,97.80000000000001,-39.16,-7.0,9.0,147.0,-47.0,-39.0,7.0,10390,186.0,1430.0,304,237.69,125314.0
2020-07-28,139,1,0,Alberta,67.13,60.41,103.47,-39.6,-8.0,9.0,155.0,-50.0,-38.0,9.0,10470,187.0,1397.0,80,239.52,126648.0
2020-07-29,140,2,0,Alberta,67.13,62.360000000000014,100.21000000000001,-39.04,-5.0,16.0,128.0,-50.0,-38.0,9.0,10603,190.0,1430.0,133,242.56,128092.0
2020-07-30,141,3,0,Alberta,67.13,66.63999999999999,100.66,-38.8,-6.0,17.0,109.0,-50.0,-39.0,8.0,10716,195.0,1408.0,113,245.14,129493.0
2020-07-31,142,4,0,Alberta,67.13,91.69,112.43,-37.84,-11.0,15.0,149.0,-46.0,-39.0,6.0,10843,196.0,1386.0,127,248.05,130816.0
2020-08-01,143,5,0,Alberta,67.13,59.28999999999999,103.87,-45.8,-19.0,2.0,194.0,-37.0,-14.0,0.0,10843,196.0,1386.0,0,248.05,130816.0
2020-08-02,144,6,0,Alberta,67.13,43.21000000000001,76.69999999999999,-52.16,-12.0,-2.0,248.0,-35.0,-13.0,-2.0,10843,196.0,1386.0,0,248.05,130816.0
2020-08-03,145,0,0,Alberta,67.13,39.129999999999995,50.650000000000006,-49.74,-17.0,-3.0,156.0,-60.0,-71.0,13.0,10843,196.0,1386.0,0,248.05,130816.0
2020-08-04,146,1,0,Alberta,67.13,59.53,98.34,-35.0,-8.0,11.0,142.0,-49.0,-40.0,8.0,11146,201.0,1191.0,303,254.98,136507.0
2020-08-05,147,2,0,Alberta,67.13,66.36000000000001,107.12,-36.68,-6.0,15.0,138.0,-49.0,-39.0,8.0,11240,203.0,1146.0,94,257.13,137658.0
2020-08-06,148,3,0,Alberta,67.13,68.59,102.44999999999999,-36.06,-9.0,11.0,119.0,-50.0,-39.0,9.0,11296,205.0,1107.0,56,258.41,138943.0
2020-08-07,149,4,0,Alberta,67.13,73.30000000000001,106.57,-43.32,-18.0,2.0,83.0,-50.0,-38.0,9.0,11430,208.0,1125.0,134,261.48,140283.0
2020-08-08,150,5,0,Alberta,67.13,59.19,105.47,-46.25,-18.0,0.0,140.0,-36.0,-8.0,2.0,11430,208.0,1125.0,0,261.48,140283.0
2020-08-09,151,6,0,Alberta,67.13,43.860000000000014,66.09,-49.43,-13.0,-3.0,174.0,-34.0,-10.0,-1.0,11430,208.0,1125.0,0,261.48,140283.0
2020-08-10,152,0,0,Alberta,67.13,59.24000000000001,96.08000000000001,-37.0,-8.0,3.0,123.0,-48.0,-39.0,7.0,11687,213.0,1090.0,257,267.36,144418.0
2020-08-11,153,1,0,Alberta,67.13,55.21000000000001,92.16,-38.35,-11.0,1.0,108.0,-51.0,-38.0,9.0,11772,216.0,1004.0,85,269.3,145567.0
2020-08-12,154,2,0,Alberta,64.35,59.49000000000001,96.94999999999999,-38.49,-8.0,9.0,103.0,-50.0,-38.0,9.0,11893,217.0,1044.0,121,272.07,146837.0
2020-08-13,155,3,0,Alberta,64.35,65.99000000000001,104.78999999999999,-38.46,-10.0,9.0,106.0,-50.0,-38.0,9.0,11969,220.0,1036.0,76,273.81,148075.0
2020-08-14,156,4,0,Alberta,64.35,86.32,124.18,-34.84,-15.0,6.0,121.0,-47.0,-37.0,7.0,12053,221.0,1036.0,84,275.73,149342.0
2020-08-15,157,5,0,Alberta,64.35,69.4,121.03999999999999,-43.81,-17.0,2.0,180.0,-34.0,-9.0,0.0,12053,221.0,1036.0,0,275.73,149342.0
2020-08-16,158,6,0,Alberta,64.35,51.71000000000001,74.25,-45.95,-12.0,-1.0,213.0,-33.0,-10.0,-2.0,12053,221.0,1036.0,0,275.73,149342.0
2020-08-17,159,0,0,Alberta,64.35,61.379999999999995,100.5,-37.34,-9.0,4.0,128.0,-49.0,-39.0,7.0,12412,224.0,1132.0,359,283.94,153761.0
2020-08-18,160,1,0,Alberta,64.35,64.25,108.09,-33.66,-10.0,4.0,151.0,-50.0,-37.0,8.0,12419,225.0,1169.0,7,284.1,155046.0
2020-08-19,161,2,0,Alberta,64.35,62.620000000000005,106.19,-32.25,-10.0,8.0,124.0,-51.0,-37.0,8.0,12501,227.0,1107.0,82,285.98,156484.0
2020-08-20,162,3,0,Alberta,64.35,67.25,103.77000000000001,-34.68000000000001,-9.0,9.0,95.0,-51.0,-37.0,8.0,12604,228.0,1084.0,103,288.33,157994.0
2020-08-21,163,4,0,Alberta,64.35,86.49000000000001,126.41,-33.89,-15.0,5.0,131.0,-47.0,-36.0,7.0,12748,230.0,1144.0,144,291.63,159573.0
2020-08-22,164,5,0,Alberta,64.35,62.18000000000001,111.58000000000001,-42.84,-18.0,0.0,151.0,-38.0,-9.0,1.0,12748,230.0,1144.0,0,291.63,159573.0
2020-08-23,165,6,0,Alberta,64.35,43.599999999999994,66.72,-47.09,-14.0,-4.0,174.0,-35.0,-9.0,-1.0,12748,230.0,1144.0,0,291.63,159573.0
2020-08-24,166,0,0,Alberta,64.35,55.09,92.13999999999999,-33.75,-10.0,1.0,93.0,-50.0,-38.0,8.0,13006,234.0,1172.0,258,297.53,164141.0
2020-08-25,167,1,0,Alberta,61.57,58.150000000000006,103.16,-30.709999999999994,-9.0,5.0,128.0,-50.0,-37.0,8.0,13083,235.0,1134.0,77,299.29,165466.0
2020-08-26,168,2,0,Alberta,61.57,60.870000000000005,105.55000000000001,-29.010000000000005,-8.0,8.0,108.0,-49.0,-36.0,8.0,13210,235.0,1176.0,127,302.2,166884.0
2020-08-27,169,3,0,Alberta,61.57,65.16999999999999,107.41,-30.819999999999993,-7.0,11.0,98.0,-48.0,-36.0,8.0,13318,237.0,1158.0,108,304.67,168463.0
2020-08-28,170,4,0,Alberta,64.35,84.03,128.57,-28.069999999999993,-13.0,4.0,127.0,-44.0,-34.0,6.0,13476,237.0,1185.0,158,308.28,170213.0
2020-08-29,171,5,0,Alberta,64.35,59.19999999999999,106.97,-41.01,-15.0,1.0,110.0,-36.0,-9.0,1.0,13476,237.0,1185.0,0,308.28,170213.0
2020-08-30,172,6,0,Alberta,64.35,37.77000000000001,63.72,-39.7,-10.0,-1.0,118.0,-34.0,-9.0,0.0,13476,237.0,1185.0,0,308.28,170213.0
2020-08-31,173,0,0,Alberta,64.35,52.360000000000014,98.27000000000001,-22.400000000000006,-6.0,4.0,75.0,-47.0,-36.0,7.0,13902,239.0,1370.0,426,318.03,175530.0
2020-09-01,174,1,0,Alberta,64.35,55.74000000000001,100.87,-16.689999999999998,-4.0,11.0,94.0,-45.0,-36.0,8.0,14066,241.0,1398.0,164,321.78,177030.0
2020-09-02,175,2,0,Alberta,64.35,49.74000000000001,96.02000000000001,-15.450000000000003,-7.0,8.0,53.0,-48.0,-36.0,9.0,14180,242.0,1403.0,114,324.39,178309.0
2020-09-03,176,3,0,Alberta,64.35,58.22999999999999,104.18,-14.5,-9.0,9.0,78.0,-46.0,-36.0,8.0,14310,242.0,1415.0,130,327.36,179732.0
2020-09-04,177,4,0,Alberta,64.35,88.21000000000001,134.81,-16.370000000000005,-11.0,9.0,121.0,-40.0,-35.0,5.0,14474,242.0,1433.0,164,331.11,181402.0
2020-09-05,178,5,0,Alberta,64.35,63.900000000000006,118.85,-35.66,-16.0,1.0,178.0,-36.0,-13.0,0.0,14474,242.0,1433.0,0,331.11,181402.0
2020-09-06,179,6,0,Alberta,64.35,26.560000000000002,56.120000000000005,-47.73,-13.0,-7.0,94.0,-41.0,-14.0,1.0,14474,242.0,1433.0,0,331.11,181402.0
2020-09-07,180,0,1,Alberta,64.35,24.480000000000004,41.620000000000005,-36.1,-18.0,1.0,62.0,-62.0,-73.0,16.0,14474,242.0,1433.0,0,331.11,186757.0
2020-09-08,181,1,0,Alberta,60.65,43.900000000000006,85.0,-12.329999999999998,-11.0,5.0,72.0,-44.0,-37.0,8.0,15093,247.0,1692.0,619,345.27,188741.0
2020-09-09,182,2,0,Alberta,60.65,46.849999999999994,96.06,-16.590000000000003,-10.0,6.0,84.0,-44.0,-34.0,7.0,15191,248.0,1585.0,98,347.52,190335.0
2020-09-10,183,3,0,Alberta,60.65,51.91,97.84,-20.519999999999996,-11.0,6.0,98.0,-44.0,-34.0,7.0,15304,253.0,1494.0,113,350.1,191803.0
2020-09-11,184,4,0,Alberta,60.65,73.49000000000001,122.93,-19.939999999999998,-15.0,2.0,99.0,-42.0,-31.0,6.0,15415,253.0,1444.0,111,352.64,193660.0
2020-09-12,185,5,0,Alberta,60.65,54.59,110.13,-36.72,-15.0,1.0,101.0,-37.0,-7.0,2.0,15415,253.0,1444.0,0,352.64,193660.0
2020-09-13,186,6,0,Alberta,60.65,21.08,42.05000000000001,-46.15,-15.0,-2.0,85.0,-40.0,-10.0,2.0,15415,253.0,1444.0,0,352.64,193660.0
2020-09-14,187,0,0,Alberta,60.65,35.53999999999999,67.03,-25.58,-12.0,-2.0,42.0,-47.0,-30.0,7.0,15833,254.0,1538.0,418,362.2,200626.0
2020-09-15,188,1,0,Alberta,60.65,38.81999999999999,68.38999999999999,-27.349999999999994,-10.0,2.0,54.0,-46.0,-29.0,8.0,15957,254.0,1491.0,124,365.04,202582.0
2020-09-16,189,2,0,Alberta,60.65,42.03,79.08000000000001,-24.92,-10.0,2.0,69.0,-46.0,-30.0,7.0,16128,254.0,1495.0,171,368.95,204457.0
2020-09-17,190,3,0,Alberta,60.65,47.68000000000001,87.13999999999999,-24.959999999999994,-12.0,2.0,70.0,-46.0,-30.0,7.0,16274,254.0,1447.0,146,372.29,206379.0
2020-09-18,191,4,0,Alberta,60.65,71.53999999999999,119.19,-19.040000000000006,-13.0,1.0,86.0,-44.0,-28.0,7.0,16381,255.0,1424.0,107,374.74,208048.0
2020-09-19,192,5,0,Alberta,60.65,53.28,110.77000000000001,-36.46,-14.0,0.0,95.0,-40.0,-8.0,2.0,16381,255.0,1424.0,0,374.74,208048.0
2020-09-20,193,6,0,Alberta,60.65,21.129999999999995,53.06999999999999,-42.95,-11.0,-1.0,122.0,-40.0,-8.0,1.0,16381,255.0,1424.0,0,374.74,208048.0
2020-09-21,194,0,0,Alberta,60.65,31.680000000000007,67.58000000000001,-26.58,-12.0,-2.0,64.0,-47.0,-31.0,7.0,16739,256.0,1459.0,358,382.93,213417.0
2020-09-22,195,1,0,Alberta,60.65,32.75,73.75,-28.599999999999994,-13.0,1.0,69.0,-48.0,-29.0,8.0,16889,258.0,1565.0,150,386.36,215574.0
2020-09-23,196,2,0,Alberta,60.65,33.97999999999999,69.97999999999999,-30.090000000000003,-13.0,2.0,54.0,-48.0,-28.0,8.0,17032,260.0,1520.0,143,389.63,217372.0
2020-09-24,197,3,0,Alberta,60.65,40.19999999999999,78.63,-28.150000000000006,-14.0,3.0,42.0,-49.0,-28.0,9.0,17190,261.0,1462.0,158,393.25,219278.0
2020-09-25,198,4,0,Alberta,60.65,60.129999999999995,106.19,-24.560000000000002,-16.0,1.0,54.0,-48.0,-27.0,8.0,17343,261.0,1497.0,153,396.75,221451.0
2020-09-26,199,5,0,Alberta,60.65,49.71000000000001,102.71000000000001,-35.47,-13.0,3.0,95.0,-41.0,-5.0,2.0,17343,261.0,1497.0,0,396.75,221451.0
2020-09-27,200,6,0,Alberta,60.65,16.810000000000002,41.129999999999995,-46.74,-12.0,-1.0,103.0,-43.0,-7.0,2.0,17343,261.0,1497.0,0,396.75,221451.0
2020-09-28,201,0,0,Alberta,60.65,26.42,61.16999999999999,-32.22,-13.0,-1.0,43.0,-48.0,-28.0,8.0,17749,265.0,1549.0,406,406.03,229139.0
2020-09-29,202,1,0,Alberta,60.65,29.78,73.66999999999999,-29.439999999999998,-12.0,2.0,54.0,-49.0,-28.0,8.0,17909,266.0,1571.0,160,409.69,231540.0
2020-09-30,203,2,0,Alberta,60.65,32.03999999999999,64.91,-29.97,-10.0,5.0,42.0,-48.0,-28.0,8.0,18062,267.0,1582.0,153,413.19,231540.0
2020-10-01,204,3,0,Alberta,60.65,38.34,74.06,-30.61,-11.0,8.0,39.0,-48.0,-27.0,8.0,18235,269.0,1596.0,173,417.15,231540.0
2020-10-02,205,4,0,Alberta,60.65,59.31999999999999,111.63999999999999,-24.379999999999995,-14.0,5.0,61.0,-43.0,-24.0,7.0,18357,272.0,1558.0,122,419.94,231540.0
2020-10-03,206,5,0,Alberta,60.65,50.099999999999994,110.13999999999999,-34.89,-12.0,4.0,118.0,-37.0,-7.0,1.0,18357,272.0,1558.0,0,419.94,231540.0
2020-10-04,207,6,0,Alberta,60.65,13.019999999999996,34.80000000000001,-47.38,-14.0,-1.0,77.0,-42.0,-10.0,2.0,18357,272.0,1558.0,0,419.94,231540.0
2020-10-05,208,0,0,Alberta,60.65,23.060000000000002,59.06,-31.86,-13.0,1.0,38.0,-46.0,-28.0,7.0,18935,280.0,1783.0,578,433.16,231540.0
2020-10-06,209,1,0,Alberta,60.65,25.060000000000002,58.56999999999999,-30.83,-13.0,6.0,38.0,-47.0,-28.0,8.0,19211,281.0,1900.0,276,439.48,246623.0
2020-10-07,210,2,0,Alberta,60.65,26.83,61.400000000000006,-32.84,-13.0,4.0,30.0,-48.0,-27.0,8.0,19354,281.0,1910.0,143,442.75,248390.0
2020-10-08,211,3,0,Alberta,60.65,33.47999999999999,64.81,-33.47,-14.0,6.0,15.0,-48.0,-27.0,9.0,19718,283.0,2097.0,364,451.08,250614.0
2020-10-09,212,4,0,Alberta,60.65,54.81,86.11000000000001,-31.22,-15.0,9.0,25.0,-46.0,-29.0,8.0,19995,282.0,2225.0,277,457.41,253959.0
2020-10-10,213,5,0,Alberta,60.65,29.27000000000001,68.00999999999999,-39.73,-18.0,8.0,64.0,-41.0,-10.0,3.0,19995,282.0,2225.0,0,457.41,256061.0
2020-10-11,214,6,0,Alberta,60.65,-7.409999999999997,21.409999999999997,-53.4,-24.0,-4.0,38.0,-47.0,-12.0,2.0,19995,282.0,2225.0,0,457.41,257907.0
2020-10-12,215,0,1,Alberta,60.65,-7.760000000000005,0.46999999999999886,-53.93,-32.0,-10.0,15.0,-67.0,-74.0,18.0,19995,282.0,2225.0,0,457.41,260170.0
2020-10-13,216,1,0,Alberta,60.65,23.489999999999995,48.27000000000001,-35.8,-18.0,-4.0,7.0,-48.0,-29.0,10.0,20956,286.0,2615.0,961,479.4,261676.0
2020-10-14,217,2,0,Alberta,60.65,22.450000000000003,58.50999999999999,-34.64,-16.0,-1.0,-1.0,-49.0,-27.0,10.0,21199,287.0,2689.0,243,484.96,263636.0
2020-10-15,218,3,0,Alberta,60.65,30.349999999999994,63.599999999999994,-35.7,-13.0,4.0,-3.0,-48.0,-27.0,9.0,21443,288.0,2738.0,244,490.54,263636.0
2020-10-16,219,4,0,Alberta,60.65,39.83000000000001,70.91999999999999,-35.019999999999996,-20.0,-3.0,-18.0,-48.0,-25.0,11.0,21775,288.0,2836.0,332,498.13,267023.0
2020-10-17,220,5,0,Alberta,60.65,26.760000000000005,67.13,-44.16,-17.0,-2.0,-9.0,-44.0,-8.0,6.0,21775,288.0,2836.0,0,498.13,267023.0
2020-10-18,221,6,0,Alberta,60.65,-3.930000000000007,18.120000000000005,-51.95,-21.0,-8.0,-23.0,-47.0,-12.0,6.0,21775,288.0,2836.0,0,498.13,267023.0
2020-10-19,222,0,0,Alberta,60.65,15.810000000000002,42.81,-36.02,-18.0,-5.0,-17.0,-50.0,-27.0,9.0,22673,292.0,3138.0,898,518.68,272284.0
2020-10-20,223,1,0,Alberta,60.65,19.72,53.16999999999999,-33.870000000000005,-13.0,2.0,-2.0,-48.0,-27.0,10.0,22996,293.0,3203.0,323,526.07,273877.0
2020-10-21,224,2,0,Alberta,60.65,16.239999999999995,44.650000000000006,-36.75,-18.0,-2.0,-23.0,-50.0,-26.0,11.0,23402,296.0,3372.0,406,535.35,275718.0
2020-10-22,225,3,0,Alberta,60.65,19.83,47.19999999999999,-40.59,-18.0,0.0,-24.0,-51.0,-27.0,11.0,23829,296.0,3519.0,427,545.12,277447.0
2020-10-23,226,4,0,Alberta,60.65,37.72,69.21000000000001,-33.650000000000006,-22.0,-3.0,-25.0,-48.0,-26.0,11.0,24261,300.0,3651.0,432,555.0,279276.0
2020-10-24,227,5,0,Alberta,60.65,20.980000000000004,53.389999999999986,-47.26,-19.0,-1.0,-19.0,-45.0,-8.0,6.0,24261,300.0,3651.0,0,555.0,279276.0
2020-10-25,228,6,0,Alberta,60.65,-5.430000000000007,12.049999999999997,-51.2,-19.0,-5.0,-8.0,-46.0,-10.0,5.0,24261,300.0,3651.0,0,555.0,279276.0
2020-10-26,229,0,0,Alberta,60.65,10.730000000000004,36.379999999999995,-38.56,-17.0,-3.0,-10.0,-49.0,-27.0,9.0,25733,307.0,4477.0,1472,588.68,279276.0
2020-10-27,230,1,0,Alberta,60.65,16.519999999999996,44.110000000000014,-36.42,-15.0,0.0,3.0,-47.0,-26.0,10.0,26155,309.0,4738.0,422,598.33,285978.0
2020-10-28,231,2,0,Alberta,60.65,16.269999999999996,43.650000000000006,-38.93,-14.0,3.0,-10.0,-49.0,-25.0,10.0,26565,313.0,4793.0,410,607.71,287117.0
2020-10-29,232,3,0,Alberta,60.65,21.92,53.81,-36.83,-13.0,5.0,-16.0,-50.0,-26.0,10.0,27042,318.0,4921.0,477,618.62,288505.0
2020-10-30,233,4,0,Alberta,60.65,39.78,78.78,-36.39,-15.0,6.0,-12.0,-48.0,-25.0,9.0,27664,323.0,5172.0,622,632.85,288505.0
2020-10-31,234,5,0,Alberta,60.65,22.450000000000003,86.61000000000001,-40.13,-15.0,7.0,13.0,-36.0,-6.0,4.0,28245,323.0,5753.0,581,646.14,289917.0
2020-11-01,235,6,0,Alberta,60.65,-7.060000000000002,19.150000000000006,-53.04,-17.0,-3.0,32.0,-43.0,-10.0,3.0,28770,323.0,6278.0,525,658.15,289917.0
2020-11-02,236,0,0,Alberta,60.65,9.670000000000002,42.81,-37.91,-15.0,-3.0,13.0,-48.0,-26.0,8.0,29362,323.0,6870.0,592,671.7,289917.0
2020-11-03,237,1,0,Alberta,60.65,9.930000000000007,47.360000000000014,-39.29,-16.0,1.0,10.0,-49.0,-26.0,9.0,29932,338.0,6110.0,570,684.74,294728.0
2020-11-04,238,2,0,Alberta,60.65,9.75,41.46000000000001,-38.13,-16.0,-1.0,-1.0,-50.0,-26.0,10.0,30447,343.0,6230.0,515,696.52,295180.0
2020-11-05,239,3,0,Alberta,60.65,12.200000000000003,44.96000000000001,-38.43,-18.0,-2.0,-22.0,-52.0,-26.0,11.0,31249,343.0,7032.0,802,714.86,296258.0
2020-11-06,240,4,0,Alberta,60.65,26.78,62.879999999999995,-34.93000000000001,-19.0,0.0,-18.0,-49.0,-24.0,11.0,31858,352.0,6822.0,609,728.8,296258.0
2020-11-07,241,5,0,Alberta,60.65,0.09999999999999432,35.71000000000001,-46.18,-30.0,-13.0,-37.0,-53.0,-11.0,9.0,32777,357.0,7736.0,919,749.82,296258.0
2020-11-08,242,6,0,Alberta,60.65,-23.53,-1.6299999999999955,-53.75,-32.0,-18.0,-42.0,-54.0,-16.0,8.0,33504,363.0,8457.0,727,766.45,296258.0
2020-11-09,243,0,0,Alberta,60.65,2.0999999999999943,36.46000000000001,-37.87,-19.0,-6.0,-21.0,-52.0,-31.0,11.0,34160,369.0,7965.0,656,781.46,296258.0
2020-11-10,244,1,0,Alberta,60.65,8.299999999999997,38.50999999999999,-38.5,-21.0,-7.0,-24.0,-52.0,-31.0,12.0,34873,376.0,8090.0,713,797.77,296258.0
2020-11-11,245,2,1,Alberta,60.65,-7.930000000000007,25.409999999999997,-46.57,-25.0,-5.0,-19.0,-65.0,-65.0,22.0,35545,383.0,8755.0,672,813.14,296258.0
2020-11-12,246,3,0,Alberta,60.65,-1.2199999999999989,29.139999999999986,-41.85,-18.0,1.0,-24.0,-53.0,-31.0,12.0,36405,393.0,8305.0,860,832.82,296258.0
2020-11-13,247,4,0,Alberta,60.65,20.5,59.25999999999999,-40.5,-20.0,1.0,-20.0,-51.0,-30.0,12.0,37312,398.0,8593.0,907,853.56,296258.0
2020-11-14,248,5,0,Alberta,60.65,2.9599999999999937,42.19999999999999,-50.7,-21.0,-1.0,-9.0,-47.0,-10.0,7.0,38338,401.0,9616.0,1026,877.04,296258.0
2020-11-15,249,6,0,Alberta,60.65,-18.89,8.769999999999996,-56.25,-24.0,-9.0,-8.0,-49.0,-13.0,6.0,39329,407.0,10601.0,991,899.71,296258.0
2020-11-16,250,0,0,Alberta,60.65,-3.9000000000000057,30.900000000000006,-40.68,-21.0,-7.0,-23.0,-53.0,-29.0,11.0,40189,427.0,10031.0,860,919.38,296258.0
2020-11-17,251,1,0,Alberta,60.65,-0.6899999999999977,34.83000000000001,-43.56,-22.0,-6.0,-19.0,-54.0,-29.0,12.0,40962,432.0,10068.0,773,937.06,296258.0
