date,days_post_first_lockdown,day_of_week,holiday,region,stringency_index,driving,transit,walking,retail_and_recreation,grocery_and_pharmacy,parks,transit_stations,workplaces,residential,numtotal,numdeaths,numactive,numtoday,ratetotal,ratetested
2020-03-11,0,2,0,Canada,13.89,3.9399999999999977,-10.219999999999999,10.670000000000002,3.0,7.0,12.0,-3.0,2.0,1.0,103,2.0,101.0,26,0.27,293.0
2020-03-12,1,3,0,Canada,22.22,0.21999999999999886,-16.650000000000006,6.319999999999993,7.0,27.0,11.0,-6.0,2.0,1.0,141,2.0,139.0,38,0.38,404.0
2020-03-13,2,4,0,Canada,22.22,1.2399999999999949,-23.599999999999994,4.319999999999993,-5.0,35.0,-16.0,-17.0,-6.0,5.0,179,2.0,177.0,38,0.48,404.0
2020-03-14,3,5,0,Canada,24.07,-12.840000000000003,-36.25,3.0,-11.0,19.0,-8.0,-19.0,-1.0,5.0,199,2.0,197.0,20,0.53,596.0
2020-03-15,4,6,0,Canada,24.07,-31.83,-48.81,-26.180000000000007,-12.0,11.0,28.0,-22.0,-5.0,4.0,253,2.0,251.0,54,0.67,664.0
2020-03-16,5,0,0,Canada,43.52,-25.900000000000006,-50.0,-24.299999999999997,-12.0,23.0,15.0,-37.0,-27.0,10.0,341,5.0,336.0,88,0.91,1004.0
2020-03-17,6,1,0,Canada,43.52,-32.790000000000006,-59.74,-34.31999999999999,-27.0,13.0,7.0,-45.0,-35.0,14.0,440,8.0,432.0,99,1.17,1175.0
2020-03-18,7,2,0,Canada,61.11,-36.09,-64.41,-37.56,-33.0,7.0,14.0,-48.0,-40.0,16.0,597,9.0,588.0,157,1.59,1425.0
2020-03-19,8,3,0,Canada,61.11,-37.84,-68.47,-39.84,-36.0,4.0,18.0,-52.0,-43.0,17.0,873,12.0,861.0,276,2.32,1752.0
2020-03-20,9,4,0,Canada,71.3,-36.07,-69.7,-40.89,-44.0,-5.0,-8.0,-54.0,-45.0,20.0,1004,13.0,991.0,131,2.67,2044.0
2020-03-21,10,5,0,Canada,71.3,-46.55,-73.52,-46.89,-49.0,-12.0,11.0,-49.0,-32.0,13.0,1371,18.0,1353.0,367,3.65,2365.0
2020-03-22,11,6,0,Canada,71.3,-58.27,-77.74,-56.46,-51.0,-21.0,4.0,-54.0,-35.0,11.0,1471,20.0,1451.0,100,3.91,2629.0
2020-03-23,12,0,0,Canada,72.69,-50.58,-76.42,-54.36,-45.0,-13.0,-27.0,-63.0,-51.0,20.0,2091,24.0,2067.0,620,5.56,2850.0
2020-03-24,13,1,0,Canada,72.69,-51.34,-78.32,-51.56,-49.0,-15.0,-10.0,-64.0,-55.0,22.0,2792,27.0,2765.0,701,7.43,3327.0
2020-03-25,14,2,0,Canada,72.69,-52.43,-79.19,-50.79,-53.0,-21.0,1.0,-65.0,-59.0,23.0,3409,35.0,3374.0,617,9.07,3932.0
2020-03-26,15,3,0,Canada,72.69,-53.06,-80.36,-53.54,-54.0,-21.0,-18.0,-68.0,-59.0,25.0,4043,39.0,3774.0,634,10.76,4299.0
2020-03-27,16,4,0,Canada,72.69,-47.37,-79.84,-46.43,-55.0,-21.0,-10.0,-66.0,-59.0,26.0,4689,53.0,4380.0,646,12.47,4540.0
2020-03-28,17,5,0,Canada,72.69,-56.92,-81.91,-56.93,-59.0,-27.0,-30.0,-64.0,-44.0,17.0,5425,59.0,4864.0,736,14.43,4987.0
2020-03-29,18,6,0,Canada,72.69,-63.31,-82.75,-61.62,-59.0,-35.0,-16.0,-66.0,-44.0,14.0,6258,61.0,5675.0,833,16.65,5598.0
2020-03-30,19,0,0,Canada,72.69,-54.99,-80.42,-57.64,-54.0,-27.0,-32.0,-70.0,-60.0,23.0,7437,89.0,6280.0,1179,19.78,6005.0
2020-03-31,20,1,0,Canada,72.69,-52.85,-79.95,-52.16,-51.0,-19.0,-13.0,-68.0,-60.0,23.0,8548,96.0,7198.0,1111,22.74,6415.0
2020-04-01,21,2,0,Canada,74.54,-51.9,-80.46000000000001,-51.0,-52.0,-21.0,-10.0,-68.0,-61.0,24.0,9613,109.0,7951.0,1065,25.57,6835.0
2020-04-02,22,3,0,Canada,74.54,-52.83,-81.23,-52.91,-53.0,-23.0,-16.0,-70.0,-61.0,25.0,11283,138.0,9162.0,1670,30.02,7280.0
2020-04-03,23,4,0,Canada,74.54,-48.29,-81.12,-51.32,-55.0,-23.0,-33.0,-69.0,-60.0,27.0,12537,187.0,12350.0,1254,33.35,7850.0
2020-04-04,24,5,0,Canada,72.69,-55.5,-82.67,-51.65,-57.0,-25.0,-17.0,-63.0,-45.0,17.0,13904,231.0,13673.0,1367,36.99,8299.0
2020-04-05,25,6,0,Canada,72.69,-63.9,-83.68,-60.11,-63.0,-45.0,-13.0,-67.0,-46.0,14.0,15512,280.0,12897.0,1608,41.27,8641.0
2020-04-06,26,0,0,Canada,72.69,-52.94,-81.16,-48.52,-51.0,-21.0,2.0,-68.0,-60.0,23.0,16667,323.0,12728.0,1155,44.34,8960.0
2020-04-07,27,1,0,Canada,72.69,-51.9,-82.1,-49.66,-52.0,-18.0,-1.0,-68.0,-61.0,24.0,17897,380.0,17517.0,1230,47.61,9261.0
2020-04-08,28,2,0,Canada,72.69,-49.19,-81.9,-46.94,-51.0,-17.0,-3.0,-67.0,-61.0,24.0,19289,435.0,18854.0,1392,51.32,9630.0
2020-04-09,29,3,0,Canada,72.69,-43.69,-82.26,-47.23,-44.0,-3.0,-15.0,-68.0,-62.0,24.0,20765,509.0,20256.0,1476,55.24,9984.0
2020-04-10,30,4,1,Canada,72.69,-54.52,-83.55,-54.64,-70.0,-43.0,-24.0,-77.0,-81.0,33.0,22148,569.0,21579.0,1383,58.92,10412.0
2020-04-11,31,5,0,Canada,72.69,-52.21,-83.22,-51.57,-54.0,-15.0,-22.0,-63.0,-47.0,17.0,23318,653.0,22665.0,1170,62.03,10765.0
2020-04-12,32,6,0,Canada,72.69,-64.81,-85.07,-59.4,-74.0,-62.0,-4.0,-67.0,-51.0,14.0,24383,717.0,23666.0,1065,64.87,11232.0
2020-04-13,33,0,0,Canada,72.69,-55.27,-81.91,-58.24,-55.0,-29.0,-25.0,-74.0,-69.0,26.0,25680,780.0,24900.0,1297,68.32,11638.0
2020-04-14,34,1,0,Canada,72.69,-47.72,-81.27,-49.25,-50.0,-16.0,-11.0,-68.0,-60.0,24.0,27063,903.0,26160.0,1383,72.0,12104.0
2020-04-15,35,2,0,Canada,72.69,-45.33,-81.27,-49.1,-50.0,-19.0,-14.0,-68.0,-60.0,24.0,28381,1010.0,27371.0,1318,75.5,12443.0
2020-04-16,36,3,0,Canada,72.69,-43.86,-81.69,-46.55,-49.0,-18.0,-6.0,-68.0,-60.0,25.0,30092,1193.0,28899.0,1711,80.05,12972.0
2020-04-17,37,4,0,Canada,72.69,-38.73,-81.36,-43.58,-53.0,-22.0,-22.0,-67.0,-59.0,27.0,31884,1309.0,30575.0,1792,84.82,13507.0
2020-04-18,38,5,0,Canada,72.69,-45.11,-81.81,-43.73,-54.0,-24.0,-3.0,-57.0,-40.0,16.0,33354,1467.0,20709.0,1470,88.73,14048.0
2020-04-19,39,6,0,Canada,72.69,-54.9,-83.05,-55.4,-60.0,-43.0,-13.0,-64.0,-42.0,14.0,34786,1580.0,21420.0,1432,92.54,14615.0
2020-04-20,40,0,0,Canada,72.69,-41.73,-79.52,-41.4,-46.0,-19.0,15.0,-65.0,-58.0,22.0,36831,1690.0,22556.0,2045,97.98,14887.0
2020-04-21,41,1,0,Canada,72.69,-42.46,-81.01,-48.01,-50.0,-22.0,-17.0,-68.0,-58.0,23.0,38422,1834.0,23400.0,1591,102.22,15161.0
2020-04-22,42,2,0,Canada,72.69,-40.5,-80.71000000000001,-46.06,-50.0,-22.0,-22.0,-67.0,-58.0,24.0,40190,1974.0,24230.0,1768,106.92,16286.0
2020-04-23,43,3,0,Canada,72.69,-37.93,-80.51,-42.41,-49.0,-19.0,-1.0,-66.0,-58.0,24.0,42110,2146.0,25203.0,1920,112.03,16891.0
2020-04-24,44,4,0,Canada,72.69,-30.599999999999994,-79.56,-36.45,-52.0,-22.0,-3.0,-65.0,-57.0,25.0,43888,2302.0,26045.0,1778,116.76,17561.0
2020-04-25,45,5,0,Canada,72.69,-38.67,-80.44,-36.24,-51.0,-21.0,16.0,-54.0,-39.0,14.0,45354,2465.0,26464.0,1466,120.66,18204.0
2020-04-26,46,6,0,Canada,72.69,-50.84,-81.92,-52.69,-57.0,-39.0,-6.0,-62.0,-41.0,13.0,46895,2560.0,27014.0,1541,124.76,18822.0
2020-04-27,47,0,0,Canada,72.69,-37.41,-78.22,-38.82,-45.0,-17.0,14.0,-64.0,-56.0,21.0,48500,2707.0,27525.0,1605,129.03,19519.0
2020-04-28,48,1,0,Canada,72.69,-35.22,-78.34,-37.35,-46.0,-16.0,14.0,-64.0,-57.0,16.0,50026,2859.0,27936.0,1526,133.09,20080.0
2020-04-29,49,2,0,Canada,72.69,-33.28,-78.7,-36.51,-46.0,-17.0,6.0,-64.0,-57.0,22.0,51597,2996.0,28274.0,1571,137.27,20740.0
2020-04-30,50,3,0,Canada,72.69,-31.549999999999997,-78.03,-37.82,-47.0,-17.0,-4.0,-65.0,-57.0,23.0,53236,3184.0,28628.0,1639,141.63,21454.0
2020-05-01,51,4,0,Canada,72.69,-21.5,-76.32,-25.159999999999997,-47.0,-16.0,10.0,-61.0,-55.0,23.0,55061,3391.0,28919.0,1825,146.48,22265.0
2020-05-02,52,5,0,Canada,72.69,-31.75,-77.58,-30.33,-49.0,-18.0,15.0,-52.0,-36.0,14.0,56714,3566.0,29347.0,1653,150.88,23045.0
2020-05-03,53,6,0,Canada,72.69,-41.05,-77.33,-34.47,-51.0,-32.0,47.0,-54.0,-35.0,11.0,59474,3682.0,30884.0,2760,158.22,23875.0
2020-05-04,54,0,0,Canada,72.69,-30.58,-74.92,-34.31,-42.0,-14.0,5.0,-64.0,-54.0,20.0,60772,3854.0,30901.0,1298,161.67,24458.0
2020-05-05,55,1,0,Canada,72.69,-25.659999999999997,-74.71000000000001,-27.42,-42.0,-10.0,32.0,-62.0,-54.0,20.0,62046,4043.0,31010.0,1274,165.06,25076.0
2020-05-06,56,2,0,Canada,72.69,-23.08,-74.76,-24.680000000000007,-41.0,-11.0,36.0,-60.0,-54.0,20.0,63496,4232.0,31093.0,1450,168.92,25902.0
2020-05-07,57,3,0,Canada,72.69,-23.14,-75.63,-27.569999999999993,-42.0,-11.0,32.0,-62.0,-54.0,21.0,64922,4408.0,31267.0,1426,172.71,26744.0
2020-05-08,58,4,0,Canada,72.69,-15.14,-74.88,-24.260000000000005,-45.0,-11.0,9.0,-62.0,-53.0,22.0,66434,4569.0,31639.0,1512,176.74,27532.0
2020-05-09,59,5,0,Canada,72.69,-23.489999999999995,-76.82,-31.040000000000006,-44.0,-6.0,0.0,-55.0,-32.0,13.0,67702,4693.0,31760.0,1268,180.11,28504.0
2020-05-10,60,6,0,Canada,72.69,-37.65,-78.5,-41.73,-44.0,-24.0,20.0,-55.0,-30.0,10.0,68848,4871.0,31881.0,1146,183.16,29198.0
2020-05-13,63,2,0,Canada,70.83,-15.769999999999996,-73.98,-18.510000000000005,-38.0,-9.0,46.0,-58.0,-51.0,19.0,72278,5304.0,31810.0,1121,192.28,31202.0
2020-05-14,64,3,0,Canada,70.83,-14.349999999999994,-75.01,-20.790000000000006,-38.0,-10.0,37.0,-60.0,-51.0,20.0,73488,5472.0,31925.0,1210,195.5,32019.0
2020-05-15,65,4,0,Canada,70.83,-2.730000000000004,-73.66,-13.439999999999998,-41.0,-10.0,24.0,-59.0,-52.0,21.0,74613,5562.0,32156.0,1125,198.5,32902.0
2020-05-16,66,5,0,Canada,70.83,-11.530000000000001,-74.03,-11.189999999999998,-40.0,-9.0,62.0,-47.0,-30.0,10.0,75864,5679.0,32366.0,1251,201.82,33793.0
2020-05-17,67,6,0,Canada,70.83,-27.11,-76.18,-24.450000000000003,-41.0,-23.0,86.0,-51.0,-29.0,8.0,77002,5782.0,32670.0,1138,204.85,34604.0
2020-05-18,68,0,1,Canada,70.83,-25.689999999999998,-73.78999999999999,-24.709999999999994,-48.0,-27.0,94.0,-69.0,-79.0,24.0,78072,5842.0,32992.0,1070,207.7,35208.0
2020-05-19,69,1,0,Canada,70.83,-7.769999999999996,-69.99,-9.019999999999996,-31.0,0.0,57.0,-57.0,-49.0,18.0,79112,5912.0,33150.0,1040,210.46,35648.0
2020-05-20,70,2,0,Canada,70.83,-2.200000000000003,-69.76,-1.9099999999999966,-28.0,1.0,70.0,-54.0,-49.0,17.0,80123,6030.0,33400.0,1011,213.15,36583.0
2020-05-21,71,3,0,Canada,70.83,-1.9399999999999977,-69.77,-2.8499999999999943,-30.0,-2.0,73.0,-55.0,-49.0,18.0,81324,6152.0,33444.0,1201,216.35,36705.0
2020-05-22,72,4,0,Canada,70.83,9.680000000000007,-68.34,5.959999999999994,-34.0,-5.0,63.0,-54.0,-46.0,18.0,82480,6250.0,33623.0,1156,219.42,37385.0
2020-05-23,73,5,0,Canada,70.83,-0.8499999999999943,-69.28999999999999,1.3199999999999932,-33.0,-4.0,85.0,-42.0,-21.0,9.0,83621,6355.0,33948.0,1141,222.46,38096.0
2020-05-24,74,6,0,Canada,70.83,-15.969999999999999,-70.78999999999999,-13.420000000000002,-32.0,-14.0,115.0,-43.0,-21.0,6.0,84699,6424.0,34277.0,1078,225.33,38822.0
2020-05-25,75,0,0,Canada,70.83,-1.0699999999999932,-66.87,-3.0999999999999943,-26.0,-4.0,64.0,-55.0,-48.0,16.0,85711,6545.0,34515.0,1012,228.02,39439.0
2020-05-26,76,1,0,Canada,70.83,1.7199999999999989,-65.96000000000001,1.3599999999999994,-28.0,-3.0,80.0,-54.0,-46.0,16.0,86647,6639.0,34656.0,936,230.51,39985.0
2020-05-27,77,2,0,Canada,70.83,4.909999999999997,-65.72999999999999,2.049999999999997,-26.0,0.0,82.0,-52.0,-46.0,16.0,87519,6765.0,34577.0,872,232.83,40728.0
2020-05-28,78,3,0,Canada,70.83,4.340000000000003,-67.18,-3.1400000000000006,-28.0,-3.0,64.0,-54.0,-45.0,17.0,88512,6877.0,34782.0,993,235.47,42173.0
2020-05-29,79,4,0,Canada,70.83,15.010000000000005,-65.53999999999999,6.069999999999993,-32.0,-5.0,51.0,-53.0,-44.0,18.0,89418,6979.0,34906.0,906,237.88,42471.0
2020-05-30,80,5,0,Canada,70.83,4.540000000000006,-66.99000000000001,0.45000000000000284,-32.0,-5.0,58.0,-41.0,-14.0,9.0,90190,7073.0,35001.0,772,239.94,43477.0
2020-05-31,81,6,0,Canada,70.83,-12.780000000000001,-68.34,-16.069999999999993,-30.0,-12.0,69.0,-43.0,-13.0,7.0,90947,7295.0,34760.0,757,241.95,44317.0
2020-06-01,82,0,0,Canada,70.83,4.189999999999998,-63.41,4.400000000000006,-23.0,-2.0,81.0,-51.0,-43.0,14.0,91705,7326.0,34640.0,758,243.97,45117.0
2020-06-02,83,1,0,Canada,70.83,3.6500000000000057,-65.75,-0.23000000000000398,-27.0,-3.0,64.0,-53.0,-43.0,16.0,92410,7395.0,34658.0,705,245.84,45871.0
2020-06-03,84,2,0,Canada,70.83,6.400000000000006,-63.93,4.189999999999998,-27.0,-3.0,68.0,-52.0,-43.0,16.0,93085,7498.0,34539.0,675,247.64,46714.0
2020-06-04,85,3,0,Canada,70.83,13.840000000000003,-62.45,12.0,-25.0,0.0,108.0,-50.0,-43.0,15.0,93726,7637.0,34350.0,641,249.34,47649.0
2020-06-05,86,4,0,Canada,70.83,26.58,-60.68,23.310000000000002,-29.0,-3.0,101.0,-50.0,-42.0,15.0,94335,7703.0,34064.0,609,250.96,48697.0
2020-06-06,87,5,0,Canada,70.83,9.89,-64.2,8.659999999999997,-29.0,-5.0,88.0,-40.0,-13.0,8.0,95057,7773.0,33670.0,722,252.88,49702.0
2020-06-07,88,6,0,Canada,70.83,-5.1299999999999955,-64.66,-3.3499999999999943,-26.0,-9.0,130.0,-39.0,-12.0,5.0,95699,7800.0,33666.0,642,254.59,50462.0
2020-06-08,89,0,0,Canada,70.83,9.319999999999993,-60.3,7.609999999999999,-21.0,-2.0,100.0,-51.0,-42.0,14.0,96244,7835.0,33576.0,545,256.04,51348.0
2020-06-09,90,1,0,Canada,70.83,12.780000000000001,-60.77,9.230000000000004,-24.0,-2.0,90.0,-52.0,-41.0,14.0,96653,7897.0,33184.0,409,257.13,52029.0
2020-06-10,91,2,0,Canada,70.83,14.469999999999999,-60.82,8.340000000000003,-22.0,-1.0,78.0,-51.0,-42.0,15.0,97125,7960.0,32526.0,472,258.38,52921.0
2020-06-11,92,3,0,Canada,70.83,19.840000000000003,-60.8,13.11,-21.0,0.0,100.0,-50.0,-41.0,15.0,97530,7994.0,31878.0,405,259.46,53965.0
2020-06-12,93,4,0,Canada,70.83,34.94999999999999,-58.49,22.299999999999997,-25.0,-2.0,89.0,-49.0,-40.0,14.0,97943,8049.0,31371.0,413,260.56,55125.0
2020-06-13,94,5,0,Canada,70.83,21.42,-61.18,17.090000000000003,-25.0,-3.0,111.0,-36.0,-8.0,6.0,98410,8107.0,30949.0,467,261.8,56237.0
2020-06-14,95,6,0,Canada,70.83,3.680000000000007,-63.11,-2.4599999999999937,-22.0,-7.0,142.0,-37.0,-7.0,4.0,98787,8146.0,30369.0,377,262.81,57271.0
2020-06-15,96,0,0,Canada,70.83,18.28,-56.98,14.459999999999994,-18.0,0.0,104.0,-49.0,-41.0,13.0,99147,8175.0,29930.0,360,263.76,58088.0
2020-06-16,97,1,0,Canada,70.83,23.629999999999995,-56.14,21.709999999999994,-18.0,3.0,136.0,-47.0,-40.0,13.0,99467,8213.0,29811.0,320,264.62,58972.0
2020-06-17,98,2,0,Canada,70.83,24.959999999999994,-55.79,20.599999999999994,-19.0,2.0,123.0,-47.0,-41.0,13.0,99853,8254.0,29582.0,386,265.64,59977.0
2020-06-18,99,3,0,Canada,70.83,31.47999999999999,-54.97,23.989999999999995,-17.0,5.0,139.0,-47.0,-40.0,13.0,100220,8300.0,29424.0,367,266.62,61066.0
2020-06-19,100,4,0,Canada,70.83,48.59,-52.95,36.19,-21.0,4.0,128.0,-45.0,-40.0,11.0,100629,8346.0,29280.0,409,267.71,62240.0
2020-06-20,101,5,0,Canada,70.83,33.33000000000001,-57.03,23.980000000000004,-22.0,3.0,135.0,-34.0,-6.0,4.0,101019,8410.0,29121.0,390,268.74,63390.0
2020-06-21,102,6,0,Canada,70.83,6.349999999999994,-61.16,-6.799999999999997,-17.0,-2.0,149.0,-35.0,-2.0,1.0,101337,8430.0,29021.0,318,269.59,64259.0
2020-06-22,103,0,0,Canada,68.98,26.370000000000005,-51.65,20.28,-16.0,0.0,119.0,-47.0,-42.0,12.0,101637,8436.0,28867.0,300,270.39,65022.0
2020-06-23,104,1,0,Canada,68.98,29.180000000000007,-53.97,20.200000000000003,-17.0,6.0,95.0,-48.0,-42.0,12.0,101963,8454.0,28805.0,326,271.26,66053.0
2020-06-24,105,2,0,Canada,68.98,27.97,-53.18,21.409999999999997,-23.0,-8.0,122.0,-49.0,-49.0,15.0,102242,8484.0,28667.0,279,272.0,67005.0
2020-06-25,106,3,0,Canada,68.98,40.139999999999986,-49.95,33.34,-13.0,7.0,142.0,-44.0,-40.0,12.0,102622,8504.0,28693.0,380,273.01,68061.0
2020-06-26,107,4,0,Canada,68.98,56.72,-48.9,44.03,-20.0,1.0,129.0,-42.0,-39.0,11.0,102794,8508.0,28560.0,172,273.47,69122.0
2020-06-27,108,5,0,Canada,68.98,33.66,-54.47,28.210000000000008,-21.0,-1.0,117.0,-31.0,-8.0,5.0,103032,8516.0,28543.0,238,274.1,70241.0
2020-06-28,109,6,0,Canada,68.98,19.209999999999994,-56.32,8.170000000000002,-17.0,-5.0,153.0,-32.0,-4.0,2.0,103250,8522.0,28537.0,218,274.68,71209.0
2020-06-29,110,0,0,Canada,68.98,36.33000000000001,-48.96,28.99000000000001,-9.0,5.0,137.0,-46.0,-42.0,11.0,103918,8566.0,28174.0,668,276.46,72406.0
2020-06-30,111,1,0,Canada,68.98,47.120000000000005,-49.29,38.66999999999999,-2.0,21.0,133.0,-44.0,-41.0,10.0,104204,8591.0,28019.0,286,277.22,73695.0
2020-07-01,112,2,1,Canada,68.98,29.25999999999999,-51.78,28.879999999999995,-34.0,-16.0,234.0,-55.0,-67.0,16.0,104204,8591.0,28019.0,0,277.22,73695.0
2020-07-02,113,3,0,Canada,68.98,48.599999999999994,-48.2,34.53999999999999,-9.0,11.0,134.0,-46.0,-44.0,11.0,104771,8642.0,27784.0,567,278.73,75773.0
2020-07-03,114,4,0,Canada,68.98,64.68,-46.83,49.110000000000014,-15.0,6.0,151.0,-45.0,-47.0,12.0,105090,8663.0,27734.0,319,279.57,76770.0
2020-07-04,115,5,0,Canada,68.98,46.389999999999986,-50.87,42.80000000000001,-19.0,-1.0,183.0,-31.0,-8.0,3.0,105316,8674.0,27652.0,226,280.18,77548.0
2020-07-05,116,6,0,Canada,68.98,34.22999999999999,-53.52,15.920000000000002,-13.0,-3.0,190.0,-30.0,-6.0,0.0,105535,8684.0,27612.0,219,280.76,78238.0
2020-07-06,117,0,0,Canada,68.98,41.72,-46.76,34.900000000000006,-9.0,5.0,156.0,-45.0,-42.0,10.0,105934,8693.0,27671.0,399,281.82,79164.0
2020-07-07,118,1,0,Canada,68.98,41.47999999999999,-47.94,34.53,-12.0,6.0,136.0,-46.0,-42.0,11.0,106166,8711.0,27572.0,232,282.44,80347.0
2020-07-08,119,2,0,Canada,68.98,43.129999999999995,-48.24,33.52000000000001,-12.0,5.0,116.0,-46.0,-41.0,12.0,106433,8737.0,27449.0,267,283.15,81282.0
2020-07-09,120,3,0,Canada,67.13,49.110000000000014,-47.84,38.099999999999994,-11.0,6.0,136.0,-45.0,-40.0,11.0,106804,8749.0,27481.0,371,284.13,82422.0
2020-07-10,121,4,0,Canada,67.13,66.99000000000001,-46.18,52.50999999999999,-18.0,1.0,136.0,-44.0,-40.0,11.0,107125,8759.0,27465.0,321,284.99,83606.0
2020-07-11,122,5,0,Canada,67.13,41.05000000000001,-53.74,31.349999999999994,-20.0,-2.0,97.0,-37.0,-7.0,5.0,107346,8773.0,27307.0,221,285.58,84692.0
2020-07-12,123,6,0,Canada,67.13,30.039999999999992,-54.0,17.849999999999994,-12.0,-2.0,169.0,-31.0,-5.0,1.0,107590,8783.0,27340.0,244,286.23,85473.0
2020-07-13,124,0,0,Canada,67.13,41.75999999999999,-47.43,33.900000000000006,-10.0,3.0,150.0,-46.0,-42.0,10.0,108155,8790.0,27524.0,565,287.73,86663.0
2020-07-14,125,1,0,Canada,67.13,46.650000000000006,-46.58,41.33000000000001,-11.0,5.0,165.0,-46.0,-41.0,11.0,108486,8798.0,27518.0,331,288.61,87857.0
2020-07-15,126,2,0,Canada,67.13,50.66,-46.41,43.099999999999994,-10.0,5.0,159.0,-45.0,-40.0,10.0,108827,8810.0,27532.0,341,289.52,88906.0
2020-07-16,127,3,0,Canada,67.13,48.43000000000001,-49.22,33.24000000000001,-11.0,5.0,114.0,-47.0,-40.0,11.0,109264,8827.0,27601.0,437,290.68,90126.0
2020-07-17,128,4,0,Canada,67.13,70.47,-44.91,55.19999999999999,-15.0,4.0,141.0,-44.0,-40.0,10.0,109669,8839.0,4141.0,405,291.76,91463.0
2020-07-18,129,5,0,Canada,67.13,58.69999999999999,-47.74,52.34,-18.0,1.0,193.0,-29.0,-6.0,2.0,109999,8848.0,4237.0,330,292.63,92628.0
2020-07-19,130,6,0,Canada,67.13,30.78,-55.71,9.319999999999993,-15.0,-4.0,154.0,-34.0,-7.0,1.0,110338,8852.0,4435.0,339,293.54,93658.0
2020-07-20,131,0,0,Canada,67.13,48.71000000000001,-45.94,38.06999999999999,-7.0,7.0,183.0,-45.0,-43.0,10.0,111124,8858.0,4792.0,786,295.63,95071.0
2020-07-21,132,1,0,Canada,67.13,48.46000000000001,-47.46,41.370000000000005,-10.0,7.0,189.0,-46.0,-43.0,10.0,111697,8862.0,5078.0,573,297.15,96217.0
2020-07-22,133,2,0,Canada,67.13,46.22999999999999,-49.39,33.09,-12.0,4.0,134.0,-47.0,-42.0,11.0,112240,8870.0,5228.0,543,298.6,97362.0
2020-07-23,134,3,0,Canada,67.13,52.58000000000001,-48.13,40.68000000000001,-10.0,6.0,157.0,-46.0,-41.0,11.0,112672,8874.0,5279.0,432,299.75,98361.0
2020-07-24,135,4,0,Canada,67.13,72.68,-45.55,55.84,-17.0,2.0,162.0,-44.0,-41.0,10.0,113206,8881.0,5452.0,534,301.17,98897.0
2020-07-25,136,5,0,Canada,67.13,60.52000000000001,-48.33,53.349999999999994,-18.0,-1.0,201.0,-29.0,-6.0,2.0,113556,8885.0,5556.0,350,302.1,100080.0
2020-07-26,137,6,0,Canada,67.13,39.91999999999999,-53.76,19.379999999999995,-12.0,-3.0,191.0,-31.0,-6.0,0.0,113911,8890.0,5666.0,355,303.04,101145.0
2020-07-27,138,0,0,Canada,67.13,45.80000000000001,-48.0,31.460000000000008,-10.0,4.0,145.0,-47.0,-45.0,11.0,114597,8901.0,5836.0,686,304.87,102791.0
2020-07-28,139,1,0,Canada,67.13,52.22,-46.28,42.83000000000001,-10.0,7.0,182.0,-47.0,-43.0,10.0,114994,8912.0,5948.0,397,305.92,103732.0
2020-07-29,140,2,0,Canada,67.13,53.41999999999999,-46.77,40.22999999999999,-9.0,7.0,157.0,-45.0,-43.0,11.0,115406,8919.0,6022.0,412,307.02,104992.0
2020-07-30,141,3,0,Canada,67.13,60.629999999999995,-45.46,44.44,-7.0,9.0,171.0,-45.0,-43.0,10.0,115799,8929.0,6008.0,393,308.06,106324.0
2020-07-31,142,4,0,Canada,67.13,77.08000000000001,-45.73,54.83000000000001,-13.0,7.0,174.0,-41.0,-43.0,9.0,116312,8935.0,6150.0,513,309.43,107753.0
2020-08-01,143,5,0,Canada,67.13,63.80000000000001,-47.79,56.21000000000001,-17.0,0.0,211.0,-28.0,-9.0,1.0,116599,8941.0,6222.0,287,310.19,109041.0
2020-08-02,144,6,0,Canada,67.13,29.680000000000007,-56.66,15.090000000000003,-13.0,-4.0,151.0,-36.0,-11.0,1.0,116884,8945.0,6365.0,285,310.95,110230.0
2020-08-03,145,0,0,Canada,67.13,39.650000000000006,-50.5,21.299999999999997,-17.0,-8.0,209.0,-54.0,-66.0,14.0,117031,8947.0,6487.0,147,311.34,111154.0
2020-08-04,146,1,0,Canada,67.13,50.50999999999999,-45.64,33.599999999999994,-12.0,5.0,107.0,-48.0,-44.0,11.0,117792,8958.0,6384.0,761,313.37,112706.0
2020-08-05,147,2,0,Canada,67.13,61.099999999999994,-42.97,50.25,-7.0,8.0,164.0,-43.0,-42.0,10.0,118187,8962.0,6437.0,395,314.42,113666.0
2020-08-06,148,3,0,Canada,67.13,65.88999999999999,-44.22,51.56999999999999,-8.0,6.0,176.0,-44.0,-42.0,10.0,118561,8966.0,6489.0,374,315.41,114904.0
2020-08-07,149,4,0,Canada,67.13,81.5,-43.09,63.50999999999999,-16.0,0.0,155.0,-43.0,-41.0,9.0,118985,8970.0,6580.0,424,316.54,116182.0
2020-08-08,150,5,0,Canada,67.13,66.77000000000001,-46.61,62.19,-16.0,-2.0,197.0,-29.0,-6.0,1.0,119221,8976.0,6679.0,236,317.17,117162.0
2020-08-09,151,6,0,Canada,67.13,45.389999999999986,-51.52,24.950000000000003,-11.0,-4.0,187.0,-30.0,-6.0,0.0,119451,8981.0,6742.0,230,317.78,118327.0
2020-08-10,152,0,0,Canada,67.13,55.56,-43.91,41.599999999999994,-8.0,2.0,169.0,-46.0,-42.0,9.0,120132,8987.0,4790.0,681,319.59,119854.0
2020-08-11,153,1,0,Canada,67.13,54.27000000000001,-44.81,43.099999999999994,-11.0,3.0,147.0,-47.0,-41.0,10.0,120421,8991.0,4684.0,289,320.36,120826.0
2020-08-12,154,2,0,Canada,64.35,61.610000000000014,-43.24,50.139999999999986,-9.0,4.0,170.0,-44.0,-41.0,9.0,120844,9006.0,4690.0,423,321.49,121872.0
2020-08-13,155,3,0,Canada,64.35,67.16999999999999,-42.67,52.77000000000001,-8.0,4.0,178.0,-44.0,-41.0,9.0,121234,9015.0,4666.0,390,322.52,123309.0
2020-08-14,156,4,0,Canada,64.35,85.15,-40.72,69.65,-14.0,1.0,164.0,-42.0,-40.0,9.0,121652,9020.0,4690.0,418,323.63,124654.0
2020-08-15,157,5,0,Canada,64.35,70.86000000000001,-44.74,66.12,-15.0,-1.0,202.0,-28.0,-6.0,1.0,121889,9024.0,4648.0,237,324.27,126130.0
2020-08-16,158,6,0,Canada,64.35,45.91,-50.54,25.61,-10.0,-3.0,188.0,-30.0,-7.0,-1.0,122087,9026.0,4577.0,198,324.79,127120.0
2020-08-17,159,0,0,Canada,64.35,53.849999999999994,-43.02,41.91,-10.0,1.0,139.0,-47.0,-42.0,9.0,122872,9032.0,4781.0,785,326.88,128761.0
2020-08-18,160,1,0,Canada,64.35,56.74000000000001,-41.22,52.03999999999999,-10.0,3.0,153.0,-46.0,-40.0,10.0,123154,9044.0,4753.0,282,327.63,129829.0
2020-08-19,161,2,0,Canada,64.35,60.94999999999999,-40.88,52.879999999999995,-10.0,2.0,155.0,-44.0,-40.0,9.0,123490,9049.0,4619.0,336,328.52,131033.0
2020-08-20,162,3,0,Canada,64.35,65.41999999999999,-41.84,52.66,-7.0,4.0,143.0,-44.0,-40.0,9.0,123873,9054.0,4531.0,383,329.54,132331.0
2020-08-21,163,4,0,Canada,64.35,80.28,-41.71,64.50999999999999,-15.0,0.0,125.0,-43.0,-39.0,9.0,124372,9064.0,4660.0,499,330.87,133923.0
2020-08-22,164,5,0,Canada,64.35,66.37,-43.94,69.22,-15.0,-2.0,184.0,-28.0,-6.0,1.0,124629,9071.0,4680.0,257,331.55,135058.0
2020-08-23,165,6,0,Canada,64.35,43.31,-49.61,27.200000000000003,-10.0,-3.0,169.0,-30.0,-5.0,0.0,124896,9073.0,4711.0,267,332.27,136089.0
2020-08-24,166,0,0,Canada,64.35,51.66999999999999,-40.33,44.16,-9.0,0.0,134.0,-46.0,-41.0,9.0,125647,9083.0,4870.0,751,334.26,137517.0
2020-08-25,167,1,0,Canada,61.57,54.74000000000001,-38.8,51.80000000000001,-10.0,4.0,145.0,-45.0,-39.0,9.0,125969,9090.0,4829.0,322,335.12,138473.0
2020-08-26,168,2,0,Canada,61.57,56.00999999999999,-39.61,51.50999999999999,-9.0,2.0,126.0,-44.0,-39.0,9.0,126417,9094.0,4868.0,448,336.31,139558.0
2020-08-27,169,3,0,Canada,61.57,59.97999999999999,-39.14,53.629999999999995,-7.0,4.0,134.0,-43.0,-38.0,9.0,126818,9102.0,4891.0,401,337.38,140838.0
2020-08-28,170,4,0,Canada,64.35,77.22,-37.87,70.33000000000001,-14.0,0.0,134.0,-41.0,-38.0,8.0,127310,9113.0,4963.0,492,338.69,142470.0
2020-08-29,171,5,0,Canada,64.35,51.68000000000001,-47.1,52.50999999999999,-16.0,-2.0,97.0,-33.0,-7.0,3.0,127673,9113.0,5059.0,363,339.65,143718.0
2020-08-30,172,6,0,Canada,64.35,37.19999999999999,-47.62,29.22,-7.0,0.0,152.0,-28.0,-5.0,0.0,127940,9117.0,5159.0,267,340.36,144734.0
2020-08-31,173,0,0,Canada,64.35,49.16999999999999,-36.75,50.09,-7.0,3.0,131.0,-42.0,-39.0,8.0,128948,9126.0,5604.0,1008,343.04,146435.0
2020-09-01,174,1,0,Canada,64.35,52.379999999999995,-35.67,54.22999999999999,-8.0,5.0,122.0,-42.0,-39.0,9.0,129425,9132.0,5686.0,477,344.31,147530.0
2020-09-02,175,2,0,Canada,64.35,49.59,-36.28,48.889999999999986,-10.0,1.0,88.0,-44.0,-39.0,10.0,129923,9135.0,5738.0,498,345.64,148714.0
2020-09-03,176,3,0,Canada,64.35,61.66,-33.36,62.02000000000001,-8.0,3.0,138.0,-41.0,-38.0,8.0,130493,9141.0,5908.0,570,347.15,150008.0
2020-09-04,177,4,0,Canada,64.35,87.84,-32.86,80.93,-11.0,4.0,134.0,-39.0,-38.0,7.0,131124,9141.0,6057.0,631,348.83,151389.0
2020-09-05,178,5,0,Canada,64.35,64.55000000000001,-40.67,77.77000000000001,-13.0,1.0,163.0,-28.0,-9.0,1.0,131495,9143.0,6216.0,371,349.82,152592.0
2020-09-06,179,6,0,Canada,64.35,41.97,-46.23,54.47999999999999,-2.0,2.0,212.0,-28.0,-8.0,-1.0,131895,9145.0,6393.0,400,350.88,153795.0
2020-09-07,180,0,1,Canada,64.35,28.72999999999999,-46.43,20.010000000000005,-33.0,-29.0,146.0,-60.0,-77.0,17.0,132142,9146.0,6537.0,247,351.54,155414.0
2020-09-08,181,1,0,Canada,60.65,43.599999999999994,-32.760000000000005,46.370000000000005,-9.0,11.0,81.0,-44.0,-39.0,9.0,133748,9153.0,7030.0,1606,355.81,156724.0
2020-09-09,182,2,0,Canada,60.65,42.81999999999999,-34.56999999999999,46.03999999999999,-12.0,2.0,84.0,-44.0,-37.0,9.0,134294,9155.0,6868.0,546,357.27,157754.0
2020-09-10,183,3,0,Canada,60.65,46.879999999999995,-34.89,46.5,-10.0,2.0,96.0,-43.0,-37.0,9.0,134924,9163.0,6771.0,630,358.94,159076.0
2020-09-11,184,4,0,Canada,60.65,69.0,-30.939999999999998,70.84,-14.0,-1.0,107.0,-41.0,-35.0,8.0,135626,9163.0,6789.0,702,360.81,160853.0
2020-09-12,185,5,0,Canada,60.65,55.03999999999999,-39.64,67.47,-12.0,0.0,133.0,-29.0,-4.0,2.0,136141,9170.0,6896.0,515,362.18,161462.0
2020-09-13,186,6,0,Canada,60.65,18.099999999999994,-48.97,9.329999999999998,-12.0,-3.0,77.0,-36.0,-6.0,2.0,136659,9171.0,7057.0,518,363.56,163729.0
2020-09-14,187,0,0,Canada,60.65,32.56,-38.86,30.150000000000006,-11.0,-2.0,78.0,-45.0,-34.0,9.0,138010,9179.0,7607.0,1351,367.15,165884.0
2020-09-15,188,1,0,Canada,60.65,35.639999999999986,-39.24,33.03999999999999,-11.0,1.0,80.0,-45.0,-33.0,9.0,138803,9188.0,7775.0,793,369.26,167392.0
2020-09-16,189,2,0,Canada,60.65,38.33000000000001,-37.54,37.870000000000005,-13.0,-3.0,90.0,-43.0,-34.0,9.0,139747,9193.0,8105.0,944,371.77,169055.0
2020-09-17,190,3,0,Canada,60.65,42.66,-37.01,40.72,-12.0,-2.0,89.0,-44.0,-34.0,9.0,140867,9200.0,8558.0,1120,374.75,170848.0
2020-09-18,191,4,0,Canada,60.65,63.58000000000001,-34.09,60.849999999999994,-14.0,-3.0,74.0,-43.0,-32.0,9.0,141911,9205.0,8983.0,1044,377.53,172650.0
2020-09-19,192,5,0,Canada,60.65,49.58000000000001,-41.45,57.46000000000001,-13.0,-1.0,102.0,-33.0,-4.0,3.0,142774,9211.0,9376.0,863,379.83,174362.0
2020-09-20,193,6,0,Canada,60.65,20.760000000000005,-48.88,19.03,-8.0,-1.0,133.0,-33.0,-4.0,1.0,143649,9217.0,9741.0,875,382.15,176074.0
2020-09-21,194,0,0,Canada,60.65,25.72,-41.25,26.340000000000003,-13.0,-2.0,85.0,-46.0,-35.0,9.0,145415,9228.0,10653.0,1766,386.85,178204.0
2020-09-22,195,1,0,Canada,60.65,26.510000000000005,-42.72,27.810000000000002,-15.0,-1.0,83.0,-46.0,-34.0,9.0,146663,9234.0,10525.0,1248,390.17,180024.0
2020-09-23,196,2,0,Canada,60.65,27.549999999999997,-43.99,26.209999999999994,-17.0,-3.0,65.0,-47.0,-33.0,10.0,147753,9243.0,10722.0,1090,393.07,181798.0
2020-09-24,197,3,0,Canada,60.65,33.129999999999995,-43.18,29.75999999999999,-15.0,-1.0,65.0,-46.0,-32.0,10.0,149094,9249.0,11138.0,1341,396.64,183596.0
2020-09-25,198,4,0,Canada,60.65,54.150000000000006,-37.86,53.56999999999999,-17.0,-3.0,73.0,-45.0,-32.0,9.0,150456,9255.0,11628.0,1362,400.26,185671.0
2020-09-26,199,5,0,Canada,60.65,45.47,-43.42,54.25,-14.0,0.0,113.0,-35.0,-2.0,3.0,151671,9262.0,12081.0,1215,403.5,187539.0
2020-09-27,200,6,0,Canada,60.65,16.909999999999997,-52.08,12.079999999999998,-11.0,-1.0,123.0,-36.0,-3.0,2.0,153125,9268.0,12759.0,1454,407.36,189355.0
2020-09-28,201,0,0,Canada,60.65,19.11,-46.43,17.03,-16.0,-2.0,67.0,-47.0,-33.0,9.0,155301,9278.0,13416.0,2176,413.15,192079.0
2020-09-29,202,1,0,Canada,60.65,21.92,-46.25,20.459999999999994,-16.0,0.0,52.0,-48.0,-32.0,10.0,156961,9291.0,13933.0,1660,417.57,194072.0
2020-09-30,203,2,0,Canada,60.65,22.409999999999997,-47.61,16.269999999999996,-15.0,0.0,32.0,-47.0,-33.0,10.0,158758,9297.0,14490.0,1797,422.35,195693.0
2020-10-01,204,3,0,Canada,60.65,26.430000000000007,-47.21,20.950000000000003,-15.0,2.0,52.0,-47.0,-31.0,10.0,160535,9319.0,14866.0,1777,427.08,197478.0
2020-10-02,205,4,0,Canada,60.65,40.629999999999995,-44.06,35.72,-20.0,-3.0,36.0,-46.0,-30.0,11.0,162659,9409.0,15636.0,2124,432.73,199264.0
2020-10-03,206,5,0,Canada,60.65,32.620000000000005,-49.39,37.28,-16.0,0.0,83.0,-36.0,-6.0,5.0,164471,9462.0,16142.0,1812,437.55,201217.0
2020-10-04,207,6,0,Canada,60.65,1.1500000000000057,-57.44,-4.560000000000002,-16.0,-2.0,59.0,-41.0,-9.0,4.0,166156,9481.0,16432.0,1685,442.03,202872.0
2020-10-05,208,0,0,Canada,60.65,14.469999999999999,-48.47,11.540000000000006,-17.0,-1.0,53.0,-47.0,-33.0,10.0,168960,9504.0,17122.0,2804,449.49,204720.0
2020-10-06,209,1,0,Canada,60.65,16.97,-48.38,14.64,-18.0,1.0,57.0,-47.0,-32.0,10.0,171323,9530.0,17799.0,2363,455.78,208177.0
2020-10-07,210,2,0,Canada,60.65,16.680000000000007,-50.08,10.340000000000003,-20.0,-2.0,29.0,-49.0,-32.0,11.0,173123,9541.0,17916.0,1800,460.57,210147.0
2020-10-08,211,3,0,Canada,60.65,24.39,-49.12,15.670000000000002,-16.0,2.0,43.0,-47.0,-31.0,10.0,175559,9557.0,18494.0,2436,467.05,212417.0
2020-10-09,212,4,0,Canada,60.65,42.94,-47.52,30.360000000000014,-19.0,3.0,43.0,-46.0,-32.0,11.0,178117,9585.0,19008.0,2558,473.85,214751.0
2020-10-10,213,5,0,Canada,60.65,19.129999999999995,-54.44,18.430000000000007,-21.0,3.0,71.0,-39.0,-8.0,6.0,180179,9608.0,19214.0,2062,479.34,216842.0
2020-10-11,214,6,0,Canada,60.65,-8.579999999999998,-62.95,-10.569999999999993,-21.0,-2.0,81.0,-43.0,-10.0,3.0,181864,9613.0,19032.0,1685,483.82,218647.0
2020-10-12,215,0,1,Canada,60.65,-10.340000000000003,-61.96,-19.120000000000005,-43.0,-29.0,107.0,-66.0,-77.0,20.0,182839,9627.0,18954.0,975,486.41,219294.0
2020-10-13,216,1,0,Canada,60.65,14.36,-51.16,6.200000000000003,-22.0,-2.0,29.0,-49.0,-33.0,11.0,186881,9654.0,19741.0,4042,497.17,221546.0
2020-10-14,217,2,0,Canada,60.65,17.799999999999997,-50.21,15.549999999999997,-20.0,-2.0,45.0,-47.0,-32.0,11.0,189387,9664.0,20372.0,2506,503.83,223993.0
2020-10-15,218,3,0,Canada,60.65,20.159999999999997,-51.18,11.909999999999997,-20.0,-3.0,22.0,-49.0,-31.0,12.0,191732,9699.0,20543.0,2345,510.07,225325.0
2020-10-16,219,4,0,Canada,60.65,33.44999999999999,-48.5,26.870000000000005,-22.0,-4.0,14.0,-48.0,-30.0,12.0,194106,9722.0,20740.0,2374,516.39,227683.0
2020-10-17,220,5,0,Canada,60.65,23.680000000000007,-52.13,29.49000000000001,-18.0,-1.0,59.0,-38.0,-6.0,7.0,196321,9746.0,21129.0,2215,522.28,229466.0
2020-10-18,221,6,0,Canada,60.65,-5.459999999999994,-59.85,-8.340000000000003,-19.0,-5.0,45.0,-43.0,-9.0,6.0,198148,9760.0,21276.0,1827,527.14,230915.0
2020-10-19,222,0,0,Canada,60.65,7.170000000000002,-53.07,1.9899999999999949,-22.0,-7.0,6.0,-51.0,-33.0,12.0,201437,9778.0,21988.0,3289,535.89,232840.0
2020-10-20,223,1,0,Canada,60.65,11.420000000000002,-51.99,8.230000000000004,-19.0,0.0,29.0,-49.0,-31.0,11.0,203688,9794.0,22151.0,2251,541.88,234436.0
2020-10-21,224,2,0,Canada,60.65,10.879999999999995,-53.21,5.25,-22.0,-4.0,12.0,-49.0,-31.0,12.0,206360,9829.0,22783.0,2672,548.99,236054.0
2020-10-22,225,3,0,Canada,60.65,15.989999999999995,-51.76,11.409999999999997,-19.0,-2.0,28.0,-47.0,-31.0,12.0,209148,9862.0,23481.0,2788,556.4,237892.0
2020-10-23,226,4,0,Canada,60.65,35.400000000000006,-47.15,31.189999999999998,-22.0,-5.0,41.0,-46.0,-31.0,12.0,211732,9888.0,23965.0,2584,563.28,239834.0
2020-10-24,227,5,0,Canada,60.65,20.930000000000007,-52.23,24.879999999999995,-19.0,0.0,36.0,-39.0,-6.0,7.0,213959,9922.0,24401.0,2227,569.2,241437.0
2020-10-25,228,6,0,Canada,60.65,-6.150000000000006,-60.01,-11.659999999999997,-18.0,-4.0,42.0,-42.0,-9.0,5.0,216104,9946.0,24729.0,2145,574.91,242794.0
2020-10-26,229,0,0,Canada,60.65,5.920000000000002,-53.15,0.6599999999999966,-21.0,-7.0,5.0,-50.0,-32.0,12.0,220213,9973.0,25934.0,4109,585.84,244055.0
2020-10-27,230,1,0,Canada,60.65,10.689999999999998,-53.34,2.6099999999999994,-22.0,-3.0,6.0,-49.0,-31.0,12.0,222887,10001.0,26422.0,2674,592.95,246206.0
2020-10-28,231,2,0,Canada,60.65,12.670000000000002,-52.58,7.170000000000002,-19.0,-1.0,17.0,-47.0,-30.0,11.0,225586,10032.0,26687.0,2699,600.13,247687.0
2020-10-29,232,3,0,Canada,60.65,16.459999999999994,-51.52,8.730000000000004,-17.0,0.0,8.0,-49.0,-30.0,11.0,228542,10074.0,27259.0,2956,608.0,249367.0
2020-10-30,233,4,0,Canada,60.65,31.120000000000005,-49.28,24.760000000000005,-20.0,1.0,2.0,-47.0,-29.0,11.0,231999,10110.0,27952.0,3457,617.19,251039.0
2020-10-31,234,5,0,Canada,60.65,13.790000000000006,-53.07,28.159999999999997,-19.0,4.0,36.0,-35.0,-5.0,6.0,235444,10136.0,29432.0,3445,626.36,252783.0
2020-11-01,235,6,0,Canada,60.65,-14.969999999999999,-60.98,-16.180000000000007,-21.0,-5.0,8.0,-44.0,-11.0,6.0,238688,10179.0,30780.0,3244,634.99,254029.0
2020-11-02,236,0,0,Canada,60.65,1.6800000000000068,-53.19,-0.5799999999999983,-22.0,-7.0,1.0,-51.0,-32.0,11.0,241961,10208.0,31701.0,3273,643.7,255327.0
2020-11-03,237,1,0,Canada,60.65,3.3499999999999943,-53.39,1.4300000000000068,-23.0,-5.0,-1.0,-51.0,-31.0,12.0,244935,10279.0,31147.0,2974,651.61,257070.0
2020-11-04,238,2,0,Canada,60.65,4.450000000000003,-52.95,6.069999999999993,-23.0,-6.0,18.0,-49.0,-31.0,12.0,248218,10336.0,31845.0,3283,660.34,258060.0
2020-11-05,239,3,0,Canada,60.65,8.689999999999998,-52.13,10.040000000000006,-20.0,-4.0,30.0,-49.0,-30.0,12.0,252140,10381.0,33761.0,3922,670.78,259744.0
2020-11-06,240,4,0,Canada,60.65,24.36,-47.79,27.97,-22.0,-4.0,29.0,-47.0,-29.0,12.0,255809,10436.0,34136.0,3669,680.54,261431.0
2020-11-07,241,5,0,Canada,60.65,11.280000000000001,-52.1,26.150000000000006,-20.0,-4.0,63.0,-39.0,-6.0,7.0,260055,10490.0,36471.0,4246,691.83,262963.0
2020-11-08,242,6,0,Canada,60.65,-12.709999999999994,-58.74,-3.3900000000000006,-18.0,-6.0,87.0,-41.0,-10.0,5.0,264649,10522.0,39122.0,4594,704.05,264310.0
2020-11-09,243,0,0,Canada,60.65,-2.1299999999999955,-53.71,4.530000000000001,-21.0,-6.0,35.0,-51.0,-33.0,12.0,268735,10564.0,39771.0,4086,714.92,265663.0
2020-11-10,244,1,0,Canada,60.65,5.25,-52.62,11.129999999999995,-19.0,-1.0,48.0,-49.0,-32.0,11.0,273037,10632.0,41126.0,4302,726.37,267225.0
2020-11-11,245,2,1,Canada,60.65,-2.6099999999999994,-55.35,-0.730000000000004,-25.0,-7.0,24.0,-55.0,-47.0,16.0,277596,10685.0,43712.0,4559,738.5,268615.0
2020-11-12,246,3,0,Canada,60.65,-0.9699999999999989,-56.18,-1.5799999999999983,-21.0,-3.0,7.0,-51.0,-32.0,13.0,282577,10768.0,45034.0,4981,751.75,270258.0
2020-11-13,247,4,0,Canada,60.65,16.150000000000006,-52.11,15.090000000000003,-23.0,-4.0,-7.0,-50.0,-32.0,14.0,287318,10828.0,45844.0,4741,764.36,272114.0
2020-11-14,248,5,0,Canada,60.65,1.730000000000004,-56.95,9.260000000000005,-21.0,-2.0,11.0,-43.0,-8.0,8.0,292585,10891.0,48779.0,5267,778.37,273835.0
2020-11-15,249,6,0,Canada,60.65,-24.590000000000003,-65.03,-24.709999999999994,-25.0,-11.0,-13.0,-50.0,-13.0,7.0,297390,10953.0,51036.0,4805,791.16,275292.0
2020-11-16,250,0,0,Canada,60.65,-6.709999999999994,-56.7,-8.409999999999997,-24.0,-9.0,-14.0,-54.0,-32.0,13.0,302192,11027.0,50878.0,4802,803.93,276748.0
2020-11-17,251,1,0,Canada,60.65,-4.599999999999994,-57.25,-6.560000000000002,-25.0,-7.0,-9.0,-53.0,-32.0,13.0,306468,11086.0,51230.0,4276,815.31,278351.0
