date,days_post_first_lockdown,day_of_week,holiday,region,stringency_index,driving,walking,retail_and_recreation,grocery_and_pharmacy,parks,transit_stations,workplaces,residential,numtotal,numdeaths,numactive,numtoday,ratetotal,ratetested
2020-03-15,4,6,0,Newfoundland and Labrador,24.07,-24.260000000000005,-19.349999999999994,13.0,25.0,18.0,11.0,11.0,-1.0,1,0.0,1.0,1,0.19,119.0
2020-03-16,5,0,0,Newfoundland and Labrador,43.52,-15.459999999999994,0.5799999999999983,8.0,46.0,62.0,-9.0,-20.0,3.0,1,0.0,1.0,0,0.19,309.0
2020-03-17,6,1,1,Newfoundland and Labrador,43.52,-17.560000000000002,-4.329999999999998,-11.0,23.0,25.0,-15.0,-23.0,7.0,1,0.0,1.0,0,0.19,309.0
2020-03-18,7,2,0,Newfoundland and Labrador,61.11,-27.47,-20.019999999999996,-23.0,13.0,-6.0,-25.0,-33.0,11.0,3,0.0,3.0,2,0.58,309.0
2020-03-19,8,3,0,Newfoundland and Labrador,61.11,-18.17,-12.700000000000003,-19.0,14.0,36.0,-24.0,-37.0,10.0,3,0.0,3.0,0,0.58,512.0
2020-03-20,9,4,0,Newfoundland and Labrador,71.3,-26.310000000000002,-26.08,-33.0,-1.0,0.0,-32.0,-17.0,14.0,4,0.0,4.0,1,0.77,550.0
2020-03-21,10,5,0,Newfoundland and Labrador,71.3,-38.41,-38.98,-46.0,-17.0,-27.0,-37.0,-26.0,12.0,6,0.0,6.0,2,1.15,573.0
2020-03-22,11,6,0,Newfoundland and Labrador,71.3,-51.31,-41.29,-38.0,-17.0,18.0,-19.0,-18.0,5.0,9,0.0,9.0,3,1.73,573.0
2020-03-23,12,0,0,Newfoundland and Labrador,72.69,-41.43,-32.150000000000006,-39.0,-10.0,55.0,-39.0,-46.0,12.0,24,0.0,24.0,15,4.6,1714.0
2020-03-24,13,1,0,Newfoundland and Labrador,72.69,-53.0,-47.74,-51.0,-22.0,-14.0,-50.0,-54.0,17.0,35,0.0,35.0,11,6.71,2084.0
2020-03-25,14,2,0,Newfoundland and Labrador,72.69,-64.81,-56.69,-66.0,-48.0,-38.0,-67.0,-62.0,21.0,67,0.0,67.0,32,12.85,2368.0
2020-03-26,15,3,0,Newfoundland and Labrador,72.69,-44.67,-28.870000000000005,-51.0,-26.0,6.0,-56.0,-58.0,18.0,82,0.0,82.0,15,15.72,2774.0
2020-03-27,16,4,0,Newfoundland and Labrador,72.69,-54.41,-46.29,-61.0,-38.0,-53.0,-70.0,-45.0,24.0,102,0.0,102.0,20,19.56,3229.0
2020-03-28,17,5,0,Newfoundland and Labrador,72.69,-50.6,-43.89,-55.0,-26.0,-26.0,-49.0,-42.0,14.0,120,0.0,116.0,18,23.01,3656.0
2020-03-29,18,6,0,Newfoundland and Labrador,72.69,-62.61,-53.03,-54.0,-38.0,-18.0,-60.0,-35.0,9.0,135,0.0,131.0,15,25.88,4040.0
2020-03-30,19,0,0,Newfoundland and Labrador,72.69,-59.3,-52.36,-58.0,-33.0,-18.0,-63.0,-59.0,17.0,148,1.0,140.0,13,28.38,4471.0
2020-03-31,20,1,0,Newfoundland and Labrador,72.69,-54.79,-40.23,-54.0,-33.0,-16.0,-58.0,-61.0,20.0,152,1.0,144.0,4,29.14,4793.0
2020-04-01,21,2,0,Newfoundland and Labrador,74.54,-43.7,-35.129999999999995,-51.0,-30.0,-13.0,-62.0,-60.0,19.0,175,1.0,164.0,23,33.55,5296.0
2020-04-02,22,3,0,Newfoundland and Labrador,74.54,-47.35,-40.42,-52.0,-29.0,-25.0,-67.0,-60.0,20.0,183,1.0,172.0,8,35.09,5568.0
2020-04-03,23,4,0,Newfoundland and Labrador,74.54,-42.12,-29.930000000000007,-51.0,-24.0,-30.0,-61.0,-45.0,22.0,183,1.0,182.0,0,35.09,6013.0
2020-04-04,24,5,0,Newfoundland and Labrador,72.69,-45.76,-34.84,-55.0,-27.0,-30.0,-62.0,-44.0,14.0,195,1.0,194.0,12,37.39,6414.0
2020-04-05,25,6,0,Newfoundland and Labrador,72.69,-49.98,-46.49,-43.0,-25.0,23.0,-58.0,-33.0,8.0,217,1.0,205.0,22,41.61,6818.0
2020-04-06,26,0,0,Newfoundland and Labrador,72.69,-47.9,-33.879999999999995,-47.0,-22.0,11.0,-60.0,-57.0,16.0,226,2.0,192.0,9,43.33,7240.0
2020-04-07,27,1,0,Newfoundland and Labrador,72.69,-47.22,-38.69,-49.0,-24.0,-13.0,-60.0,-60.0,19.0,228,2.0,226.0,2,43.72,7589.0
2020-04-08,28,2,0,Newfoundland and Labrador,72.69,-40.97,-27.33,-43.0,-17.0,5.0,-63.0,-59.0,18.0,232,2.0,230.0,4,44.48,7928.0
2020-04-09,29,3,0,Newfoundland and Labrador,72.69,-32.55,-3.8499999999999943,-32.0,0.0,4.0,-60.0,-60.0,17.0,236,3.0,233.0,4,45.25,8406.0
2020-04-10,30,4,1,Newfoundland and Labrador,72.69,-52.81,-53.42,-81.0,-75.0,-45.0,-83.0,-74.0,30.0,239,3.0,236.0,3,45.83,8667.0
2020-04-11,31,5,0,Newfoundland and Labrador,72.69,-36.98,-28.489999999999995,-45.0,-7.0,-28.0,-63.0,-43.0,14.0,241,3.0,238.0,2,46.21,9037.0
2020-04-12,32,6,0,Newfoundland and Labrador,72.69,-53.86,-39.36,-71.0,-63.0,32.0,-56.0,-42.0,9.0,242,3.0,239.0,1,46.4,9226.0
2020-04-13,33,0,0,Newfoundland and Labrador,72.69,-38.28,-14.629999999999995,-40.0,-20.0,83.0,-59.0,-59.0,15.0,244,3.0,241.0,2,46.78,9389.0
2020-04-14,34,1,0,Newfoundland and Labrador,72.69,-44.88,-38.79,-49.0,-31.0,-36.0,-65.0,-60.0,20.0,244,3.0,241.0,0,46.78,10296.0
2020-04-15,35,2,0,Newfoundland and Labrador,72.69,-34.91,-19.540000000000006,-39.0,-20.0,15.0,-56.0,-59.0,18.0,247,3.0,244.0,3,47.36,9888.0
2020-04-16,36,3,0,Newfoundland and Labrador,72.69,-35.14,-23.290000000000006,-40.0,-23.0,-16.0,-62.0,-59.0,19.0,252,3.0,249.0,5,48.32,10172.0
2020-04-17,37,4,0,Newfoundland and Labrador,72.69,-28.040000000000006,-10.11,-43.0,-24.0,2.0,-61.0,-44.0,21.0,256,3.0,253.0,4,49.09,10707.0
2020-04-18,38,5,0,Newfoundland and Labrador,72.69,-25.370000000000005,-27.909999999999997,-45.0,-20.0,-7.0,-54.0,-40.0,13.0,257,3.0,65.0,1,49.28,11255.0
2020-04-19,39,6,0,Newfoundland and Labrador,72.69,-58.04,-58.42,-59.0,-45.0,-55.0,-76.0,-36.0,11.0,257,3.0,63.0,0,49.28,11750.0
2020-04-20,40,0,0,Newfoundland and Labrador,72.69,-33.739999999999995,-22.620000000000005,-38.0,-17.0,13.0,-59.0,-57.0,16.0,257,3.0,63.0,0,49.28,11951.0
2020-04-21,41,1,0,Newfoundland and Labrador,72.69,-37.29,-32.81999999999999,-43.0,-26.0,-19.0,-60.0,-58.0,19.0,257,3.0,60.0,0,49.28,12239.0
2020-04-22,42,2,0,Newfoundland and Labrador,72.69,-17.400000000000006,-0.480000000000004,-37.0,-19.0,39.0,-52.0,-57.0,17.0,256,3.0,54.0,-1,49.09,12760.0
2020-04-23,43,3,1,Newfoundland and Labrador,72.69,-21.230000000000004,-20.599999999999994,-40.0,-23.0,-11.0,-59.0,-57.0,19.0,256,3.0,48.0,0,49.09,13157.0
2020-04-24,44,4,0,Newfoundland and Labrador,72.69,-13.870000000000005,-13.760000000000005,-42.0,-22.0,4.0,-54.0,-42.0,20.0,256,3.0,46.0,0,49.09,13623.0
2020-04-25,45,5,0,Newfoundland and Labrador,72.69,-31.439999999999998,-32.150000000000006,-47.0,-21.0,-17.0,-61.0,-40.0,13.0,257,3.0,46.0,1,49.28,14058.0
2020-04-26,46,6,0,Newfoundland and Labrador,72.69,-12.810000000000002,-0.09999999999999432,-19.0,-9.0,109.0,-47.0,-27.0,5.0,258,3.0,36.0,1,49.47,14265.0
2020-04-28,48,1,0,Newfoundland and Labrador,72.69,-20.549999999999997,-22.709999999999994,-36.0,-20.0,-3.0,-57.0,-57.0,13.0,258,3.0,33.0,0,49.47,15157.0
2020-04-29,49,2,0,Newfoundland and Labrador,72.69,-17.379999999999995,-10.39,-36.0,-20.0,10.0,-60.0,-56.0,17.0,258,3.0,30.0,0,49.47,15705.0
2020-04-30,50,3,0,Newfoundland and Labrador,72.69,-11.560000000000002,-2.980000000000004,-32.0,-17.0,35.0,-62.0,-55.0,16.0,258,3.0,30.0,0,49.47,16060.0
2020-05-01,51,4,0,Newfoundland and Labrador,72.69,7.8700000000000045,27.909999999999997,-33.0,-12.0,83.0,-57.0,-37.0,16.0,259,3.0,26.0,1,49.66,16384.0
2020-05-02,52,5,0,Newfoundland and Labrador,72.69,-3.5900000000000034,-10.879999999999995,-40.0,-15.0,1.0,-65.0,-35.0,11.0,259,3.0,25.0,0,49.66,16712.0
2020-05-03,53,6,0,Newfoundland and Labrador,72.69,-35.55,-30.989999999999995,-31.0,-14.0,-12.0,-65.0,-20.0,6.0,259,3.0,24.0,0,49.66,16909.0
2020-05-04,54,0,0,Newfoundland and Labrador,72.69,-11.799999999999997,2.5999999999999943,-28.0,-10.0,73.0,-58.0,-51.0,12.0,259,3.0,23.0,0,49.66,17132.0
2020-05-05,55,1,0,Newfoundland and Labrador,72.69,-26.049999999999997,-27.430000000000007,-46.0,-28.0,-44.0,-72.0,-55.0,19.0,259,3.0,15.0,0,49.66,17500.0
2020-05-06,56,2,0,Newfoundland and Labrador,72.69,-7.030000000000001,-5.390000000000001,-31.0,-11.0,37.0,-62.0,-53.0,16.0,259,3.0,12.0,0,49.66,17822.0
2020-05-07,57,3,0,Newfoundland and Labrador,72.69,-0.23999999999999488,2.5,-30.0,-10.0,46.0,-59.0,-52.0,15.0,261,3.0,14.0,2,50.04,18121.0
2020-05-08,58,4,0,Newfoundland and Labrador,72.69,2.799999999999997,14.239999999999995,-34.0,-7.0,11.0,-61.0,-35.0,18.0,261,3.0,14.0,0,50.04,18351.0
2020-05-09,59,5,0,Newfoundland and Labrador,72.69,11.400000000000006,1.9200000000000017,-30.0,6.0,36.0,-59.0,-29.0,9.0,261,3.0,14.0,0,50.04,18597.0
2020-05-10,60,6,0,Newfoundland and Labrador,72.69,-31.97,-41.58,-15.0,0.0,12.0,-60.0,-12.0,4.0,261,3.0,14.0,0,50.04,18794.0
2020-05-13,63,2,0,Newfoundland and Labrador,70.83,7.730000000000004,11.739999999999995,-28.0,-11.0,42.0,-57.0,-50.0,15.0,261,3.0,11.0,0,50.04,19460.0
2020-05-14,64,3,0,Newfoundland and Labrador,70.83,8.439999999999998,13.189999999999998,-29.0,-13.0,23.0,-59.0,-50.0,13.0,261,3.0,10.0,0,50.04,19701.0
2020-05-15,65,4,0,Newfoundland and Labrador,70.83,16.439999999999998,16.459999999999994,-30.0,-7.0,61.0,-56.0,-32.0,15.0,260,3.0,9.0,-1,49.85,19832.0
2020-05-16,66,5,0,Newfoundland and Labrador,70.83,13.189999999999998,10.200000000000003,-35.0,-8.0,73.0,-57.0,-27.0,7.0,260,3.0,8.0,0,49.85,20179.0
2020-05-17,67,6,0,Newfoundland and Labrador,70.83,1.8799999999999955,-4.519999999999996,-13.0,3.0,156.0,-53.0,-12.0,1.0,260,3.0,8.0,0,49.85,20367.0
2020-05-19,69,1,0,Newfoundland and Labrador,70.83,11.519999999999996,49.860000000000014,-24.0,-6.0,30.0,-60.0,-48.0,14.0,260,3.0,7.0,0,49.85,20600.0
2020-05-20,70,2,0,Newfoundland and Labrador,70.83,27.67,51.110000000000014,-15.0,3.0,121.0,-56.0,-48.0,12.0,260,3.0,7.0,0,49.85,20786.0
2020-05-21,71,3,0,Newfoundland and Labrador,70.83,40.19,28.97,-18.0,-6.0,120.0,-59.0,-47.0,12.0,260,3.0,4.0,0,49.85,21028.0
2020-05-22,72,4,0,Newfoundland and Labrador,70.83,34.84,32.34,-28.0,-7.0,62.0,-57.0,-26.0,15.0,260,3.0,4.0,0,49.85,21275.0
2020-05-23,73,5,0,Newfoundland and Labrador,70.83,23.459999999999994,17.709999999999994,-31.0,-6.0,34.0,-62.0,-20.0,8.0,260,3.0,3.0,0,49.85,21488.0
2020-05-24,74,6,0,Newfoundland and Labrador,70.83,34.69999999999999,22.430000000000007,-4.0,8.0,212.0,-47.0,-6.0,0.0,260,3.0,3.0,0,49.85,21638.0
2020-05-26,76,1,0,Newfoundland and Labrador,70.83,23.099999999999994,28.49000000000001,-24.0,-11.0,75.0,-57.0,-45.0,12.0,260,3.0,2.0,0,49.85,22000.0
2020-05-27,77,2,0,Newfoundland and Labrador,70.83,22.040000000000006,17.810000000000002,-17.0,-4.0,103.0,-54.0,-44.0,12.0,260,3.0,2.0,0,49.85,22180.0
2020-05-28,78,3,0,Newfoundland and Labrador,70.83,25.36,33.00999999999999,-19.0,-7.0,74.0,-60.0,-44.0,12.0,261,3.0,3.0,1,50.04,22566.0
2020-05-29,79,4,0,Newfoundland and Labrador,70.83,56.68000000000001,58.41999999999999,-22.0,0.0,169.0,-51.0,-24.0,11.0,261,3.0,3.0,0,50.04,22761.0
2020-05-30,80,5,0,Newfoundland and Labrador,70.83,37.22999999999999,40.41999999999999,-26.0,-3.0,104.0,-57.0,-10.0,5.0,261,3.0,3.0,0,50.04,23149.0
2020-05-31,81,6,0,Newfoundland and Labrador,70.83,21.260000000000005,9.14,-1.0,8.0,180.0,-49.0,6.0,-1.0,261,3.0,3.0,0,50.04,23369.0
2020-06-02,83,1,0,Newfoundland and Labrador,70.83,10.709999999999994,8.569999999999993,-28.0,-16.0,2.0,-61.0,-43.0,14.0,261,3.0,2.0,0,50.04,23839.0
2020-06-03,84,2,0,Newfoundland and Labrador,70.83,27.819999999999993,41.96000000000001,-19.0,-6.0,106.0,-54.0,-42.0,11.0,261,3.0,2.0,0,50.04,24161.0
2020-06-04,85,3,0,Newfoundland and Labrador,70.83,13.040000000000006,29.44999999999999,-23.0,-11.0,36.0,-59.0,-42.0,13.0,261,3.0,2.0,0,50.04,24548.0
2020-06-05,86,4,0,Newfoundland and Labrador,70.83,54.28999999999999,70.25999999999999,-22.0,-2.0,193.0,-40.0,-19.0,10.0,261,3.0,2.0,0,50.04,24801.0
2020-06-06,87,5,0,Newfoundland and Labrador,70.83,34.53,75.55000000000001,-25.0,-2.0,114.0,-40.0,-10.0,4.0,261,3.0,2.0,0,50.04,25294.0
2020-06-07,88,6,0,Newfoundland and Labrador,70.83,-8.36,1.6400000000000006,-15.0,0.0,33.0,-49.0,3.0,2.0,261,3.0,2.0,0,50.04,25568.0
2020-06-09,90,1,0,Newfoundland and Labrador,70.83,35.09,50.91,-12.0,-8.0,60.0,-41.0,-38.0,10.0,261,3.0,2.0,0,50.04,26278.0
2020-06-10,91,2,0,Newfoundland and Labrador,70.83,35.28999999999999,66.03,-6.0,0.0,98.0,-30.0,-37.0,9.0,261,3.0,2.0,0,50.04,26594.0
2020-06-11,92,3,0,Newfoundland and Labrador,70.83,50.69,53.900000000000006,-6.0,-2.0,112.0,-22.0,-36.0,8.0,261,3.0,2.0,0,50.04,26980.0
2020-06-12,93,4,0,Newfoundland and Labrador,70.83,62.58000000000001,67.75999999999999,-12.0,4.0,181.0,-19.0,-14.0,7.0,261,3.0,2.0,0,50.04,27296.0
2020-06-13,94,5,0,Newfoundland and Labrador,70.83,49.71000000000001,70.74000000000001,-16.0,0.0,128.0,-10.0,-4.0,2.0,261,3.0,2.0,0,50.04,27647.0
2020-06-14,95,6,0,Newfoundland and Labrador,70.83,2.9000000000000057,-4.909999999999997,-4.0,5.0,66.0,-10.0,8.0,-2.0,261,3.0,2.0,0,50.04,27979.0
2020-06-16,97,1,0,Newfoundland and Labrador,70.83,47.53,82.38999999999999,-1.0,4.0,158.0,-18.0,-35.0,7.0,261,3.0,1.0,0,50.04,28573.0
2020-06-17,98,2,0,Newfoundland and Labrador,70.83,54.889999999999986,73.44,-1.0,1.0,170.0,-16.0,-36.0,7.0,261,3.0,1.0,0,50.04,28935.0
2020-06-18,99,3,0,Newfoundland and Labrador,70.83,50.58000000000001,55.53,-2.0,-1.0,111.0,-20.0,-36.0,7.0,261,3.0,0.0,0,50.04,29342.0
2020-06-19,100,4,0,Newfoundland and Labrador,70.83,80.93,73.15,-6.0,4.0,119.0,-8.0,-13.0,6.0,261,3.0,0.0,0,50.04,29794.0
2020-06-20,101,5,0,Newfoundland and Labrador,70.83,42.30000000000001,44.94999999999999,-10.0,11.0,79.0,0.0,-4.0,2.0,261,3.0,0.0,0,50.04,30103.0
2020-06-25,106,3,0,Newfoundland and Labrador,68.98,69.27000000000001,94.80000000000001,3.0,1.0,180.0,-18.0,-35.0,6.0,261,3.0,0.0,0,50.04,32318.0
2020-06-26,107,4,0,Newfoundland and Labrador,68.98,89.72,121.56,-3.0,5.0,183.0,-7.0,-11.0,5.0,261,3.0,0.0,0,50.04,32669.0
2020-06-27,108,5,0,Newfoundland and Labrador,68.98,60.360000000000014,79.97999999999999,-14.0,1.0,107.0,-2.0,-3.0,1.0,261,3.0,0.0,0,50.04,32912.0
2020-06-30,111,1,0,Newfoundland and Labrador,68.98,80.15,132.72,14.0,29.0,153.0,-19.0,-34.0,4.0,261,3.0,0.0,0,50.04,33919.0
2020-07-02,113,3,0,Newfoundland and Labrador,68.98,74.28999999999999,71.13,2.0,5.0,59.0,-21.0,-37.0,7.0,261,3.0,0.0,0,50.04,34897.0
2020-07-03,114,4,0,Newfoundland and Labrador,68.98,95.65,166.51,-1.0,7.0,120.0,-7.0,-13.0,6.0,261,3.0,0.0,0,50.04,35113.0
2020-07-04,115,5,0,Newfoundland and Labrador,68.98,69.31,113.57,-9.0,4.0,130.0,-7.0,-3.0,1.0,261,3.0,0.0,0,50.04,35397.0
2020-07-07,118,1,0,Newfoundland and Labrador,68.98,78.47999999999999,112.22,6.0,7.0,197.0,-16.0,-34.0,4.0,261,3.0,0.0,0,50.04,36620.0
2020-07-09,120,3,0,Newfoundland and Labrador,67.13,89.99000000000001,111.16,5.0,4.0,126.0,-20.0,-33.0,5.0,261,3.0,0.0,0,50.04,37886.0
2020-07-10,121,4,0,Newfoundland and Labrador,67.13,106.05000000000001,119.53999999999999,-1.0,8.0,165.0,-6.0,-9.0,4.0,262,3.0,1.0,1,50.24,38242.0
2020-07-11,122,5,0,Newfoundland and Labrador,67.13,101.50999999999999,120.21000000000001,-8.0,6.0,234.0,-6.0,0.0,-3.0,262,3.0,1.0,0,50.24,38614.0
2020-07-14,125,1,0,Newfoundland and Labrador,67.13,89.38999999999999,81.52000000000001,2.0,4.0,141.0,-21.0,-34.0,5.0,262,3.0,1.0,0,50.24,39817.0
2020-07-15,126,2,0,Newfoundland and Labrador,67.13,67.82,72.86000000000001,-5.0,-4.0,65.0,-25.0,-34.0,8.0,262,3.0,1.0,0,50.24,40327.0
2020-07-16,127,3,0,Newfoundland and Labrador,67.13,79.75,81.52000000000001,4.0,7.0,100.0,-24.0,-33.0,6.0,262,3.0,1.0,0,50.24,40873.0
2020-07-17,128,4,0,Newfoundland and Labrador,67.13,106.38999999999999,119.72999999999999,-2.0,6.0,144.0,-7.0,-10.0,5.0,262,3.0,0.0,0,50.24,41312.0
2020-07-18,129,5,0,Newfoundland and Labrador,67.13,107.06,113.19,-4.0,11.0,221.0,-2.0,-2.0,-2.0,262,3.0,0.0,0,50.24,41651.0
2020-07-23,134,3,0,Newfoundland and Labrador,67.13,109.57,101.72999999999999,9.0,7.0,237.0,-13.0,-32.0,3.0,264,3.0,2.0,0,50.62,44067.0
2020-07-24,135,4,0,Newfoundland and Labrador,67.13,104.69,99.71000000000001,-6.0,4.0,131.0,-9.0,-9.0,6.0,265,3.0,3.0,1,50.81,44587.0
2020-07-25,136,5,0,Newfoundland and Labrador,67.13,123.03999999999999,125.12,-8.0,4.0,228.0,4.0,0.0,-3.0,265,3.0,3.0,0,50.81,44792.0
2020-07-26,137,6,0,Newfoundland and Labrador,67.13,66.38,36.66999999999999,16.0,16.0,180.0,5.0,14.0,-5.0,266,3.0,4.0,1,51.0,45360.0
2020-07-31,142,4,0,Newfoundland and Labrador,67.13,129.66,136.77,1.0,10.0,180.0,-16.0,-12.0,4.0,266,3.0,4.0,0,51.0,47789.0
2020-08-01,143,5,0,Newfoundland and Labrador,67.13,107.34,119.72999999999999,-7.0,8.0,148.0,-21.0,-3.0,0.0,266,3.0,4.0,0,51.0,48042.0
2020-08-06,148,3,0,Newfoundland and Labrador,67.13,132.39,139.36,12.0,8.0,240.0,-26.0,-33.0,3.0,266,3.0,0.0,0,51.0,50389.0
2020-08-07,149,4,0,Newfoundland and Labrador,67.13,155.01,153.13,0.0,7.0,268.0,-19.0,-10.0,2.0,267,3.0,1.0,1,51.19,50679.0
2020-08-08,150,5,0,Newfoundland and Labrador,67.13,136.07,116.84,-6.0,4.0,257.0,-11.0,-3.0,-4.0,267,3.0,1.0,0,51.19,51058.0
2020-08-13,155,3,0,Newfoundland and Labrador,64.35,126.69999999999999,127.33000000000001,7.0,3.0,168.0,-23.0,-34.0,4.0,268,3.0,2.0,0,51.39,53369.0
2020-08-14,156,4,0,Newfoundland and Labrador,64.35,146.89,186.24,0.0,8.0,165.0,-15.0,-10.0,4.0,268,3.0,2.0,0,51.39,53867.0
2020-08-15,157,5,0,Newfoundland and Labrador,64.35,142.95,153.8,-4.0,6.0,211.0,-11.0,-3.0,-3.0,268,3.0,2.0,0,51.39,54199.0
2020-09-11,184,4,0,Newfoundland and Labrador,60.65,100.19,123.47999999999999,-5.0,-5.0,59.0,3.0,0.0,4.0,270,3.0,1.0,0,51.77,66156.0
2020-09-12,185,5,0,Newfoundland and Labrador,60.65,106.37,137.34,-5.0,3.0,128.0,19.0,1.0,-2.0,271,3.0,2.0,1,51.96,67042.0
2020-09-13,186,6,0,Newfoundland and Labrador,60.65,55.860000000000014,65.44999999999999,20.0,12.0,200.0,22.0,14.0,-5.0,271,3.0,2.0,0,51.96,67703.0
2020-09-15,188,1,0,Newfoundland and Labrador,60.65,73.99000000000001,105.1,6.0,-1.0,125.0,-1.0,-21.0,3.0,271,3.0,2.0,0,51.96,68625.0
2020-09-16,189,2,0,Newfoundland and Labrador,60.65,74.88999999999999,119.63,8.0,-2.0,157.0,2.0,-21.0,2.0,271,3.0,1.0,0,51.96,69247.0
2020-09-17,190,3,0,Newfoundland and Labrador,60.65,82.75,107.22,4.0,-6.0,93.0,-11.0,-23.0,3.0,271,3.0,1.0,0,51.96,70169.0
2020-09-18,191,4,0,Newfoundland and Labrador,60.65,87.35,126.85,-1.0,-4.0,67.0,3.0,6.0,4.0,272,3.0,2.0,1,52.15,70830.0
2020-09-19,192,5,0,Newfoundland and Labrador,60.65,63.129999999999995,92.78,-7.0,0.0,39.0,6.0,-2.0,2.0,272,3.0,2.0,0,52.15,71459.0
2020-09-20,193,6,0,Newfoundland and Labrador,60.65,47.03999999999999,43.120000000000005,25.0,14.0,181.0,19.0,17.0,-4.0,272,3.0,1.0,0,52.15,72541.0
2020-09-22,195,1,0,Newfoundland and Labrador,60.65,65.08000000000001,98.94,0.0,-4.0,59.0,-13.0,-21.0,4.0,272,3.0,1.0,0,52.15,74007.0
2020-09-23,196,2,0,Newfoundland and Labrador,60.65,44.56,71.41,-5.0,-8.0,39.0,-22.0,-20.0,6.0,272,3.0,1.0,0,52.15,74700.0
2020-09-24,197,3,0,Newfoundland and Labrador,60.65,64.4,119.63,1.0,-5.0,71.0,-10.0,-18.0,4.0,272,3.0,1.0,0,52.15,75819.0
2020-09-25,198,4,0,Newfoundland and Labrador,60.65,96.99000000000001,142.35,-1.0,-2.0,98.0,0.0,10.0,3.0,272,3.0,1.0,0,52.15,76893.0
2020-09-26,199,5,0,Newfoundland and Labrador,60.65,83.47999999999999,123.38999999999999,-4.0,2.0,80.0,5.0,3.0,0.0,272,3.0,1.0,0,52.15,77679.0
2020-09-27,200,6,0,Newfoundland and Labrador,60.65,45.66999999999999,70.16,18.0,11.0,158.0,9.0,17.0,-4.0,273,3.0,2.0,1,52.34,78433.0
2020-09-29,202,1,0,Newfoundland and Labrador,60.65,56.610000000000014,70.93,1.0,-3.0,97.0,-14.0,-17.0,4.0,273,3.0,2.0,0,52.34,79516.0
2020-09-30,203,2,0,Newfoundland and Labrador,60.65,50.81,87.87,4.0,-3.0,116.0,-8.0,-19.0,3.0,274,3.0,2.0,1,52.54,80540.0
2020-10-01,204,3,0,Newfoundland and Labrador,60.65,59.860000000000014,81.13999999999999,3.0,-2.0,48.0,-15.0,-17.0,3.0,275,3.0,3.0,1,52.73,81596.0
2020-10-02,205,4,0,Newfoundland and Labrador,60.65,75.41999999999999,98.08000000000001,-3.0,-3.0,71.0,15.0,11.0,2.0,275,3.0,3.0,0,52.73,82551.0
2020-10-03,206,5,0,Newfoundland and Labrador,60.65,61.66,98.36000000000001,-6.0,-1.0,30.0,29.0,-2.0,1.0,276,4.0,3.0,1,52.92,83817.0
2020-10-04,207,6,0,Newfoundland and Labrador,60.65,31.289999999999992,41.870000000000005,21.0,15.0,131.0,24.0,12.0,-4.0,277,4.0,4.0,1,53.11,84599.0
2020-10-06,209,1,0,Newfoundland and Labrador,60.65,48.78,69.68,1.0,-4.0,78.0,1.0,-18.0,2.0,277,4.0,4.0,0,53.11,85916.0
2020-10-07,210,2,0,Newfoundland and Labrador,60.65,40.99000000000001,47.74000000000001,-1.0,-6.0,64.0,-3.0,-18.0,4.0,277,4.0,4.0,0,53.11,86609.0
2020-10-08,211,3,0,Newfoundland and Labrador,60.65,45.81,56.30000000000001,-1.0,-7.0,20.0,-6.0,-18.0,5.0,277,4.0,4.0,0,53.11,87684.0
2020-10-09,212,4,0,Newfoundland and Labrador,60.65,69.99000000000001,101.15,-2.0,1.0,43.0,2.0,11.0,4.0,279,4.0,6.0,2,53.5,88457.0
2020-10-10,213,5,0,Newfoundland and Labrador,60.65,52.44,87.78,-7.0,6.0,51.0,16.0,3.0,0.0,282,4.0,9.0,3,54.07,88888.0
2020-10-11,214,6,0,Newfoundland and Labrador,60.65,0.4000000000000057,20.89,-3.0,2.0,89.0,8.0,11.0,-3.0,282,4.0,9.0,0,54.07,89283.0
2020-10-13,216,1,0,Newfoundland and Labrador,60.65,45.56,82.0,0.0,-2.0,70.0,6.0,-17.0,3.0,283,4.0,8.0,0,54.26,90240.0
2020-10-14,217,2,0,Newfoundland and Labrador,60.65,44.120000000000005,72.47,1.0,-2.0,79.0,5.0,-16.0,4.0,283,4.0,8.0,0,54.26,90819.0
2020-10-15,218,3,0,Newfoundland and Labrador,60.65,37.16,52.44999999999999,1.0,-4.0,27.0,5.0,-15.0,5.0,284,4.0,9.0,1,54.45,91561.0
2020-10-16,219,4,0,Newfoundland and Labrador,60.65,77.88999999999999,130.03,1.0,1.0,70.0,24.0,16.0,3.0,287,4.0,12.0,3,55.03,92213.0
2020-10-17,220,5,0,Newfoundland and Labrador,60.65,65.78999999999999,87.97,-4.0,2.0,41.0,42.0,1.0,1.0,287,4.0,11.0,0,55.03,92746.0
2020-10-18,221,6,0,Newfoundland and Labrador,60.65,23.099999999999994,43.31,21.0,13.0,133.0,39.0,16.0,-3.0,287,4.0,11.0,0,55.03,93448.0
2020-10-20,223,1,0,Newfoundland and Labrador,60.65,47.00999999999999,97.97999999999999,2.0,-1.0,60.0,7.0,-15.0,4.0,287,4.0,11.0,0,55.03,94280.0
2020-10-21,224,2,0,Newfoundland and Labrador,60.65,48.99000000000001,71.22,3.0,-2.0,71.0,0.0,-15.0,4.0,287,4.0,9.0,0,55.03,94915.0
2020-10-22,225,3,0,Newfoundland and Labrador,60.65,51.47999999999999,78.53999999999999,3.0,-5.0,39.0,-2.0,-15.0,4.0,288,4.0,9.0,1,55.22,95574.0
2020-10-23,226,4,0,Newfoundland and Labrador,60.65,77.78999999999999,111.36000000000001,0.0,0.0,53.0,15.0,18.0,4.0,288,4.0,9.0,0,55.22,96238.0
2020-10-24,227,5,0,Newfoundland and Labrador,60.65,66.44999999999999,95.47999999999999,-4.0,1.0,38.0,21.0,3.0,2.0,289,4.0,10.0,1,55.41,96844.0
2020-10-25,228,6,0,Newfoundland and Labrador,60.65,13.219999999999999,35.900000000000006,16.0,8.0,41.0,19.0,13.0,-1.0,290,4.0,11.0,1,55.6,97287.0
2020-10-27,230,1,0,Newfoundland and Labrador,60.65,30.78,42.25,-6.0,-8.0,-8.0,-8.0,-16.0,6.0,291,4.0,4.0,0,55.8,98126.0
2020-10-28,231,2,0,Newfoundland and Labrador,60.65,39.91,72.75999999999999,7.0,1.0,28.0,2.0,-14.0,5.0,291,4.0,4.0,0,55.8,98690.0
2020-10-29,232,3,0,Newfoundland and Labrador,60.65,48.74000000000001,60.25,8.0,-1.0,18.0,0.0,-13.0,4.0,291,4.0,4.0,0,55.8,99467.0
2020-10-30,233,4,0,Newfoundland and Labrador,60.65,79.11000000000001,106.25999999999999,4.0,7.0,22.0,16.0,17.0,4.0,291,4.0,3.0,0,55.8,99982.0
2020-10-31,234,5,0,Newfoundland and Labrador,60.65,39.58000000000001,103.37,-8.0,-1.0,18.0,22.0,2.0,2.0,291,4.0,3.0,0,55.8,100502.0
2020-11-01,235,6,0,Newfoundland and Labrador,60.65,7.269999999999996,20.790000000000006,18.0,7.0,77.0,23.0,14.0,-2.0,291,4.0,3.0,0,55.8,100964.0
2020-11-03,237,1,0,Newfoundland and Labrador,60.65,23.319999999999993,39.56,-3.0,-7.0,16.0,8.0,-15.0,5.0,291,4.0,3.0,0,55.8,101996.0
2020-11-04,238,2,0,Newfoundland and Labrador,60.65,17.97,31.75999999999999,-5.0,-12.0,5.0,0.0,-17.0,6.0,292,4.0,3.0,1,55.99,102527.0
2020-11-05,239,3,0,Newfoundland and Labrador,60.65,32.74000000000001,49.94999999999999,3.0,-8.0,26.0,11.0,-14.0,4.0,294,4.0,5.0,2,56.37,103253.0
2020-11-06,240,4,0,Newfoundland and Labrador,60.65,47.75999999999999,73.24000000000001,-4.0,-7.0,22.0,31.0,18.0,5.0,294,4.0,5.0,0,56.37,103917.0
2020-11-07,241,5,0,Newfoundland and Labrador,60.65,34.110000000000014,66.50999999999999,-7.0,-4.0,-5.0,48.0,2.0,3.0,296,4.0,6.0,2,56.75,104381.0
2020-11-08,242,6,0,Newfoundland and Labrador,60.65,3.010000000000005,20.689999999999998,17.0,5.0,70.0,42.0,15.0,-2.0,297,4.0,7.0,1,56.95,104854.0
2020-11-10,244,1,0,Newfoundland and Labrador,60.65,32.71000000000001,62.66,8.0,6.0,36.0,7.0,-15.0,3.0,297,4.0,7.0,0,56.95,105953.0
2020-11-11,245,2,1,Newfoundland and Labrador,60.65,-0.060000000000002274,43.889999999999986,-44.0,-47.0,95.0,-48.0,-66.0,16.0,298,4.0,7.0,1,57.14,106469.0
2020-11-12,246,3,0,Newfoundland and Labrador,60.65,19.36,58.41999999999999,8.0,-1.0,30.0,7.0,-14.0,5.0,298,4.0,7.0,0,57.14,107251.0
2020-11-13,247,4,0,Newfoundland and Labrador,60.65,46.58000000000001,81.62,5.0,4.0,34.0,26.0,16.0,5.0,299,4.0,6.0,1,57.33,107897.0
2020-11-14,248,5,0,Newfoundland and Labrador,60.65,19.769999999999996,59.0,-13.0,-8.0,-27.0,27.0,-3.0,6.0,301,4.0,8.0,2,57.71,108400.0
2020-11-15,249,6,0,Newfoundland and Labrador,60.65,0.35999999999999943,10.879999999999995,17.0,4.0,16.0,32.0,13.0,0.0,303,4.0,10.0,2,58.1,108643.0
2020-11-17,251,1,0,Newfoundland and Labrador,60.65,26.040000000000006,60.53999999999999,2.0,-5.0,25.0,10.0,-13.0,5.0,305,4.0,9.0,2,58.48,109705.0
