date,driving,walking,transit,region
2020-01-13,100.0,100.0,100.0,Ontario
2020-01-14,104.43,107.26,101.53,Ontario
2020-01-15,103.14,108.63,100.73,Ontario
2020-01-16,107.74,106.54,99.87,Ontario
2020-01-17,125.31,122.32,104.7,Ontario
2020-01-18,90.91,101.37,83.29,Ontario
2020-01-19,82.23,78.72,72.3,Ontario
2020-01-20,100.56,94.41,95.76,Ontario
2020-01-21,101.84,99.86,95.89,Ontario
2020-01-22,103.97,104.26,99.91,Ontario
2020-01-23,106.54,109.82,99.54,Ontario
2020-01-24,124.38,125.27,105.99,Ontario
2020-01-25,110.28,119.14,86.46,Ontario
2020-01-26,84.13,80.89,71.16,Ontario
2020-01-27,94.99,95.01,90.57,Ontario
2020-01-28,100.35,104.09,94.03,Ontario
2020-01-29,102.92,104.27,93.3,Ontario
2020-01-30,106.91,107.24,96.84,Ontario
2020-01-31,126.57,128.71,102.95,Ontario
2020-02-01,116.87,128.78,90.62,Ontario
2020-02-02,83.54,80.19,72.07,Ontario
2020-02-03,96.26,97.84,92.82,Ontario
2020-02-04,100.32,102.67,94.92,Ontario
2020-02-05,102.16,99.43,91.96,Ontario
2020-02-06,100.82,94.46,92.44,Ontario
2020-02-07,118.95,116.95,99.87,Ontario
2020-02-08,113.55,120.61,89.23,Ontario
2020-02-09,89.24,81.91,74.21,Ontario
2020-02-10,99.48,97.47,91.8,Ontario
2020-02-11,103.68,103.14,94.52,Ontario
2020-02-12,105.42,104.5,94.27,Ontario
2020-02-13,114.5,109.1,101.92,Ontario
2020-02-14,137.06,131.38,101.72,Ontario
2020-02-15,122.49,130.06,84.89,Ontario
2020-02-16,101.27,107.86,72.52,Ontario
2020-02-17,87.58,82.64,69.32,Ontario
2020-02-18,110.59,102.26,95.87,Ontario
2020-02-19,109.82,105.53,94.06,Ontario
2020-02-20,117.73,113.34,97.44,Ontario
2020-02-21,136.47,141.55,108.22,Ontario
2020-02-22,127.82,147.63,93.45,Ontario
2020-02-23,99.66,101.41,77.77,Ontario
2020-02-24,101.42,104.62,92.71,Ontario
2020-02-25,105.84,103.71,93.98,Ontario
2020-02-26,96.75,90.03,88.68,Ontario
2020-02-27,101.12,91.16,90.22,Ontario
2020-02-28,125.55,115.16,99.86,Ontario
2020-02-29,121.0,127.34,93.33,Ontario
2020-03-01,93.15,93.66,76.25,Ontario
2020-03-02,103.13,102.06,94.67,Ontario
2020-03-03,110.96,108.98,96.96,Ontario
2020-03-04,110.8,116.08,98.98,Ontario
2020-03-05,117.35,126.5,105.67,Ontario
2020-03-06,122.75,123.21,99.37,Ontario
2020-03-07,120.24,141.99,91.53,Ontario
2020-03-08,95.5,106.46,75.81,Ontario
2020-03-09,101.75,111.62,92.81,Ontario
2020-03-10,103.31,102.41,89.84,Ontario
2020-03-11,101.3,100.64,88.14,Ontario
2020-03-12,98.61,96.65,82.08,Ontario
2020-03-13,101.36,95.71,74.12,Ontario
2020-03-14,86.36,96.9,59.1,Ontario
2020-03-15,66.59,67.4,47.37,Ontario
2020-03-16,71.71,65.77,46.1,Ontario
2020-03-17,64.05,56.88,36.54,Ontario
2020-03-18,60.04,51.81,32.01,Ontario
2020-03-19,58.31,51.46,28.99,Ontario
2020-03-20,59.09,49.52,27.79,Ontario
2020-03-21,50.33,45.26,24.57,Ontario
2020-03-22,39.56,38.54,20.89,Ontario
2020-03-23,44.65,36.02,22.31,Ontario
2020-03-24,46.66,42.24,20.98,Ontario
2020-03-25,43.94,42.23,19.4,Ontario
2020-03-26,43.64,40.53,18.47,Ontario
2020-03-27,49.41,47.18,19.06,Ontario
2020-03-28,39.14,35.03,16.57,Ontario
2020-03-29,33.63,34.3,16.31,Ontario
2020-03-30,42.25,37.04,18.37,Ontario
2020-03-31,44.74,40.64,18.77,Ontario
2020-04-01,46.25,46.54,18.43,Ontario
2020-04-02,46.29,46.32,17.86,Ontario
2020-04-03,49.13,42.88,17.36,Ontario
2020-04-04,41.73,41.87,15.82,Ontario
2020-04-05,33.69,37.53,15.15,Ontario
2020-04-06,43.97,44.8,16.86,Ontario
2020-04-07,44.45,40.96,15.85,Ontario
2020-04-08,47.46,45.63,15.92,Ontario
2020-04-09,51.87,42.31,15.87,Ontario
2020-04-10,38.62,33.93,13.64,Ontario
2020-04-11,45.44,41.1,15.06,Ontario
2020-04-12,31.05,33.64,12.88,Ontario
2020-04-13,40.88,32.7,15.9,Ontario
2020-04-14,48.67,41.23,16.7,Ontario
2020-04-15,49.74,40.03,16.33,Ontario
2020-04-16,50.37,39.29,15.73,Ontario
2020-04-17,55.16,43.93,16.4,Ontario
2020-04-18,50.32,45.97,15.76,Ontario
2020-04-19,39.13,34.78,14.63,Ontario
2020-04-20,52.63,46.5,18.62,Ontario
2020-04-21,51.03,37.81,16.43,Ontario
2020-04-22,54.29,43.76,17.02,Ontario
2020-04-23,55.15,44.45,16.98,Ontario
2020-04-24,61.88,48.78,17.85,Ontario
2020-04-25,57.42,55.66,17.14,Ontario
2020-04-26,42.87,35.7,15.64,Ontario
2020-04-27,57.34,54.19,19.19,Ontario
2020-04-28,58.4,50.28,18.9,Ontario
2020-04-29,58.09,46.24,18.14,Ontario
2020-04-30,60.73,48.97,19.46,Ontario
2020-05-01,71.55,62.58,20.61,Ontario
2020-05-02,61.45,55.65,19.39,Ontario
2020-05-03,56.35,63.91,20.78,Ontario
2020-05-04,64.15,55.7,22.24,Ontario
2020-05-05,67.22,58.31,22.24,Ontario
2020-05-06,69.54,61.58,21.84,Ontario
2020-05-07,68.34,54.54,20.84,Ontario
2020-05-08,75.03,56.67,20.97,Ontario
2020-05-09,66.82,48.33,19.19,Ontario
2020-05-10,55.2,44.26,17.93,Ontario
2020-05-13,76.17,67.63,23.0,Ontario
2020-05-14,73.01,56.91,20.47,Ontario
2020-05-15,82.84,63.41,22.12,Ontario
2020-05-16,82.79,79.47,23.1,Ontario
2020-05-17,61.93,56.51,19.65,Ontario
2020-05-18,58.34,48.91,20.13,Ontario
2020-05-19,83.35,72.57,25.83,Ontario
2020-05-20,91.97,85.23,26.44,Ontario
2020-05-21,93.31,86.42,26.7,Ontario
2020-05-22,103.08,91.28,27.61,Ontario
2020-05-23,94.16,90.38,26.72,Ontario
2020-05-24,75.82,73.33,24.96,Ontario
2020-05-25,92.89,83.82,29.01,Ontario
2020-05-26,94.64,85.7,29.06,Ontario
2020-05-27,95.77,85.47,29.13,Ontario
2020-05-28,91.32,70.96,26.18,Ontario
2020-05-29,101.24,80.55,27.95,Ontario
2020-05-30,98.57,86.97,28.7,Ontario
2020-05-31,82.38,73.27,26.91,Ontario
2020-06-01,95.64,88.17,31.71,Ontario
2020-06-02,94.29,82.74,29.24,Ontario
2020-06-03,96.98,87.21,30.82,Ontario
2020-06-04,105.98,94.63,32.45,Ontario
2020-06-05,114.57,96.48,32.3,Ontario
2020-06-06,105.95,96.23,31.4,Ontario
2020-06-07,89.85,84.04,29.59,Ontario
2020-06-08,102.4,92.5,34.28,Ontario
2020-06-09,106.62,92.67,34.35,Ontario
2020-06-10,103.98,85.32,33.2,Ontario
2020-06-11,111.5,93.83,33.49,Ontario
2020-06-12,124.86,101.22,35.53,Ontario
2020-06-13,115.25,104.34,33.79,Ontario
2020-06-14,98.75,85.99,32.05,Ontario
2020-06-15,109.85,96.58,37.21,Ontario
2020-06-16,115.31,101.66,36.36,Ontario
2020-06-17,117.73,102.31,36.69,Ontario
2020-06-18,122.03,102.85,38.33,Ontario
2020-06-19,136.38,109.94,40.61,Ontario
2020-06-20,127.21,106.79,39.25,Ontario
2020-06-21,98.78,77.37,34.1,Ontario
2020-06-22,113.82,94.77,41.22,Ontario
2020-06-23,113.5,91.61,39.21,Ontario
2020-06-24,124.24,106.25,41.88,Ontario
2020-06-25,128.12,108.41,42.97,Ontario
2020-06-26,146.11,121.54,44.22,Ontario
2020-06-27,123.54,107.27,40.14,Ontario
2020-06-28,114.35,96.13,39.0,Ontario
2020-06-29,127.42,110.08,44.82,Ontario
2020-06-30,141.0,120.46,44.93,Ontario
2020-07-01,118.57,110.03,41.77,Ontario
2020-07-02,135.82,107.42,44.58,Ontario
2020-07-03,149.2,120.13,45.58,Ontario
2020-07-04,134.45,115.85,41.75,Ontario
2020-07-05,121.72,92.99,39.14,Ontario
2020-07-06,129.54,109.51,45.77,Ontario
2020-07-07,130.5,109.32,44.67,Ontario
2020-07-08,133.11,107.21,44.21,Ontario
2020-07-09,136.72,110.35,44.88,Ontario
2020-07-10,150.18,116.48,45.19,Ontario
2020-07-11,124.5,99.48,39.49,Ontario
2020-07-12,118.17,96.42,39.22,Ontario
2020-07-13,127.89,108.28,44.49,Ontario
2020-07-14,135.06,115.28,45.9,Ontario
2020-07-15,137.85,116.26,45.28,Ontario
2020-07-16,130.99,100.37,42.26,Ontario
2020-07-17,160.78,131.34,49.44,Ontario
2020-07-18,148.74,126.62,45.86,Ontario
2020-07-19,112.97,81.61,36.11,Ontario
2020-07-20,136.78,113.7,46.75,Ontario
2020-07-21,135.57,117.12,45.1,Ontario
2020-07-22,130.9,101.93,42.48,Ontario
2020-07-23,142.45,118.76,46.53,Ontario
2020-07-24,163.31,131.71,48.35,Ontario
2020-07-25,151.33,130.48,46.25,Ontario
2020-07-26,128.91,99.41,40.98,Ontario
2020-07-27,132.88,105.98,46.15,Ontario
2020-07-28,141.26,119.84,47.75,Ontario
2020-07-29,142.05,116.63,47.09,Ontario
2020-07-30,150.5,119.92,48.89,Ontario
2020-07-31,164.34,129.15,49.04,Ontario
2020-08-01,152.96,128.88,47.55,Ontario
2020-08-02,107.95,84.75,37.04,Ontario
2020-08-03,118.96,93.15,42.55,Ontario
2020-08-04,136.47,106.95,49.59,Ontario
2020-08-05,150.11,127.36,53.21,Ontario
2020-08-06,153.48,129.39,51.73,Ontario
2020-08-07,171.3,143.13,53.65,Ontario
2020-08-08,160.49,143.53,50.72,Ontario
2020-08-09,135.07,105.36,44.69,Ontario
2020-08-10,142.16,116.97,51.62,Ontario
2020-08-11,142.99,119.68,51.16,Ontario
2020-08-12,152.27,127.4,53.06,Ontario
2020-08-13,156.75,129.1,53.15,Ontario
2020-08-14,173.69,143.69,55.81,Ontario
2020-08-15,164.16,144.84,52.89,Ontario
2020-08-16,129.0,98.15,44.24,Ontario
2020-08-17,140.75,116.93,52.19,Ontario
2020-08-18,144.98,129.61,54.22,Ontario
2020-08-19,149.03,130.22,55.23,Ontario
2020-08-20,155.68,130.56,54.55,Ontario
2020-08-21,171.43,140.8,55.4,Ontario
2020-08-22,160.41,147.35,53.59,Ontario
2020-08-23,137.97,108.17,47.27,Ontario
2020-08-24,142.35,122.46,55.37,Ontario
2020-08-25,145.97,128.39,55.57,Ontario
2020-08-26,143.26,122.37,54.5,Ontario
2020-08-27,146.66,123.3,54.18,Ontario
2020-08-28,163.6,137.76,56.92,Ontario
2020-08-29,145.09,134.88,50.03,Ontario
2020-08-30,133.16,115.61,48.58,Ontario
2020-08-31,142.69,129.94,57.96,Ontario
2020-09-01,146.29,136.0,58.81,Ontario
2020-09-02,143.02,130.96,58.26,Ontario
2020-09-03,157.45,144.08,61.96,Ontario
2020-09-04,178.23,158.74,62.04,Ontario
2020-09-05,156.26,157.17,56.62,Ontario
2020-09-06,139.41,145.84,51.51,Ontario
2020-09-07,117.22,105.77,48.77,Ontario
2020-09-08,135.58,130.68,62.99,Ontario
2020-09-09,136.08,130.29,61.4,Ontario
2020-09-10,139.41,128.39,60.98,Ontario
2020-09-11,161.84,151.72,65.81,Ontario
2020-09-12,150.32,153.24,59.23,Ontario
2020-09-13,114.53,101.81,51.02,Ontario
2020-09-14,127.28,118.74,59.56,Ontario
2020-09-15,130.27,120.05,58.55,Ontario
2020-09-16,132.56,123.97,59.54,Ontario
2020-09-17,135.77,123.42,59.94,Ontario
2020-09-18,156.6,138.51,61.42,Ontario
2020-09-19,143.51,136.26,55.22,Ontario
2020-09-20,115.62,104.84,48.46,Ontario
2020-09-21,119.82,111.37,54.98,Ontario
2020-09-22,121.66,114.05,54.06,Ontario
2020-09-23,124.86,116.18,53.61,Ontario
2020-09-24,126.85,113.36,53.13,Ontario
2020-09-25,150.99,135.03,59.0,Ontario
2020-09-26,142.97,140.65,54.6,Ontario
2020-09-27,114.9,101.99,45.82,Ontario
2020-09-28,113.67,102.8,50.5,Ontario
2020-09-29,115.08,102.44,49.76,Ontario
2020-09-30,116.18,95.92,47.63,Ontario
2020-10-01,121.25,104.34,49.7,Ontario
2020-10-02,134.52,113.24,52.78,Ontario
2020-10-03,130.71,118.0,48.96,Ontario
2020-10-04,94.03,77.37,39.79,Ontario
2020-10-05,110.15,97.46,49.3,Ontario
2020-10-06,112.25,97.51,48.19,Ontario
2020-10-07,112.13,94.75,46.81,Ontario
2020-10-08,121.26,99.32,48.31,Ontario
2020-10-09,140.83,114.08,50.36,Ontario
2020-10-10,119.78,101.05,42.5,Ontario
2020-10-11,91.45,77.86,34.82,Ontario
2020-10-12,85.0,66.09,33.21,Ontario
2020-10-13,113.58,96.68,46.68,Ontario
2020-10-14,116.16,100.93,46.32,Ontario
2020-10-15,114.42,88.63,44.33,Ontario
2020-10-16,132.2,110.96,48.99,Ontario
2020-10-17,127.64,116.69,45.88,Ontario
2020-10-18,92.04,77.0,36.84,Ontario
2020-10-19,101.15,83.23,42.26,Ontario
2020-10-20,106.45,92.17,43.76,Ontario
2020-10-21,105.48,88.32,42.1,Ontario
2020-10-22,108.98,91.53,43.34,Ontario
2020-10-23,133.85,115.45,49.36,Ontario
2020-10-24,120.6,106.56,45.18,Ontario
2020-10-25,92.35,75.7,37.19,Ontario
2020-10-26,102.66,85.82,43.46,Ontario
2020-10-27,107.63,87.07,43.0,Ontario
2020-10-28,112.08,95.58,44.31,Ontario
2020-10-29,113.42,91.6,44.7,Ontario
2020-10-30,129.05,104.63,46.88,Ontario
2020-10-31,113.81,109.39,43.13,Ontario
2020-11-01,80.46,67.14,36.08,Ontario
2020-11-02,98.23,82.74,42.87,Ontario
2020-11-03,100.91,87.68,43.91,Ontario
2020-11-04,103.89,96.16,44.81,Ontario
2020-01-13,100.0,100.0,100.0,British Columbia
2020-01-14,100.71,105.91,94.96,British Columbia
2020-01-15,76.53,93.98,87.05,British Columbia
2020-01-16,89.64,110.64,98.01,British Columbia
2020-01-17,112.29,144.99,105.56,British Columbia
2020-01-18,103.96,159.17,96.99,British Columbia
2020-01-19,86.82,120.89,78.15,British Columbia
2020-01-20,106.26,127.9,94.07,British Columbia
2020-01-21,108.63,122.71,93.66,British Columbia
2020-01-22,109.96,123.37,93.35,British Columbia
2020-01-23,114.76,127.09,95.16,British Columbia
2020-01-24,126.57,153.61,104.74,British Columbia
2020-01-25,114.6,158.48,93.99,British Columbia
2020-01-26,92.42,119.19,79.26,British Columbia
2020-01-27,99.62,122.88,85.98,British Columbia
2020-01-28,101.72,120.6,84.01,British Columbia
2020-01-29,102.87,114.25,82.79,British Columbia
2020-01-30,106.51,121.31,84.75,British Columbia
2020-01-31,123.7,139.56,93.99,British Columbia
2020-02-01,117.07,155.24,94.87,British Columbia
2020-02-02,88.82,109.39,76.63,British Columbia
2020-02-03,98.45,115.37,84.07,British Columbia
2020-02-04,91.94,102.58,82.27,British Columbia
2020-02-05,103.33,117.59,85.99,British Columbia
2020-02-06,109.9,125.47,88.25,British Columbia
2020-02-07,125.4,154.98,100.34,British Columbia
2020-02-08,120.43,177.55,100.23,British Columbia
2020-02-09,97.19,120.78,81.37,British Columbia
2020-02-10,103.09,123.41,86.51,British Columbia
2020-02-11,105.72,124.58,87.31,British Columbia
2020-02-12,109.44,128.28,87.21,British Columbia
2020-02-13,115.61,133.65,91.84,British Columbia
2020-02-14,146.18,189.62,113.03,British Columbia
2020-02-15,123.47,177.66,96.99,British Columbia
2020-02-16,107.96,157.94,87.5,British Columbia
2020-02-17,99.72,128.05,86.48,British Columbia
2020-02-18,113.7,141.76,94.41,British Columbia
2020-02-19,117.39,149.48,95.11,British Columbia
2020-02-20,120.27,153.13,94.37,British Columbia
2020-02-21,135.06,176.99,103.83,British Columbia
2020-02-22,123.83,178.83,97.81,British Columbia
2020-02-23,97.57,115.72,78.21,British Columbia
2020-02-24,103.37,121.59,85.73,British Columbia
2020-02-25,108.09,121.33,84.55,British Columbia
2020-02-26,111.49,129.24,85.75,British Columbia
2020-02-27,111.72,128.53,87.94,British Columbia
2020-02-28,133.16,155.26,100.76,British Columbia
2020-02-29,127.86,178.47,105.14,British Columbia
2020-03-01,100.3,120.11,80.98,British Columbia
2020-03-02,104.85,112.16,84.98,British Columbia
2020-03-03,106.73,122.27,86.14,British Columbia
2020-03-04,113.53,140.7,90.73,British Columbia
2020-03-05,113.67,134.06,86.45,British Columbia
2020-03-06,131.88,175.7,101.5,British Columbia
2020-03-07,118.62,172.42,96.1,British Columbia
2020-03-08,97.54,130.48,80.75,British Columbia
2020-03-09,103.3,119.84,81.15,British Columbia
2020-03-10,103.67,112.6,80.24,British Columbia
2020-03-11,105.05,120.01,80.63,British Columbia
2020-03-12,101.05,113.48,75.37,British Columbia
2020-03-13,104.63,117.47,77.4,British Columbia
2020-03-14,93.3,116.1,71.41,British Columbia
2020-03-15,77.14,90.89,59.03,British Columbia
2020-03-16,81.18,89.7,54.51,British Columbia
2020-03-17,73.83,80.62,43.86,British Columbia
2020-03-18,70.11,74.01,37.61,British Columbia
2020-03-19,67.24,69.07,32.53,British Columbia
2020-03-20,70.26,70.23,31.67,British Columbia
2020-03-21,59.75,62.33,27.72,British Columbia
2020-03-22,43.11,42.94,21.11,British Columbia
2020-03-23,50.69,46.7,21.78,British Columbia
2020-03-24,49.7,48.45,19.9,British Columbia
2020-03-25,52.81,50.78,20.32,British Columbia
2020-03-26,48.75,43.54,19.0,British Columbia
2020-03-27,53.7,45.53,18.82,British Columbia
2020-03-28,45.15,37.75,17.94,British Columbia
2020-03-29,43.14,44.13,17.85,British Columbia
2020-03-30,48.56,42.82,19.5,British Columbia
2020-03-31,52.31,48.6,20.14,British Columbia
2020-04-01,52.78,47.76,19.27,British Columbia
2020-04-02,51.1,46.7,18.6,British Columbia
2020-04-03,57.06,49.61,19.29,British Columbia
2020-04-04,50.36,45.77,17.91,British Columbia
2020-04-05,44.18,42.32,17.33,British Columbia
2020-04-06,53.49,53.56,20.06,British Columbia
2020-04-07,54.99,53.29,18.96,British Columbia
2020-04-08,57.59,55.93,19.62,British Columbia
2020-04-09,64.85,60.53,19.05,British Columbia
2020-04-10,56.54,54.45,19.46,British Columbia
2020-04-11,55.28,55.29,18.45,British Columbia
2020-04-12,44.37,45.93,16.58,British Columbia
2020-04-13,52.57,52.55,19.0,British Columbia
2020-04-14,58.88,56.71,19.23,British Columbia
2020-04-15,63.44,60.55,20.28,British Columbia
2020-04-16,63.4,62.59,20.11,British Columbia
2020-04-17,68.65,61.02,19.59,British Columbia
2020-04-18,64.66,62.24,20.19,British Columbia
2020-04-19,53.71,50.24,18.42,British Columbia
2020-04-20,63.68,61.36,20.46,British Columbia
2020-04-21,63.25,56.73,18.88,British Columbia
2020-04-22,62.97,52.48,18.72,British Columbia
2020-04-23,66.49,60.27,19.65,British Columbia
2020-04-24,75.1,63.6,20.15,British Columbia
2020-04-25,65.24,59.06,19.91,British Columbia
2020-04-26,55.91,49.98,18.5,British Columbia
2020-04-27,65.51,59.97,21.27,British Columbia
2020-04-28,67.11,58.01,20.92,British Columbia
2020-04-29,68.62,59.87,19.96,British Columbia
2020-04-30,74.26,68.24,21.85,British Columbia
2020-05-01,83.08,76.25,23.87,British Columbia
2020-05-02,69.44,58.77,21.43,British Columbia
2020-05-03,62.58,59.59,21.61,British Columbia
2020-05-04,71.28,67.37,23.55,British Columbia
2020-05-05,76.36,74.18,23.48,British Columbia
2020-05-06,75.37,69.7,23.12,British Columbia
2020-05-07,82.44,80.04,24.94,British Columbia
2020-05-08,93.96,91.05,28.05,British Columbia
2020-05-09,89.28,90.27,26.75,British Columbia
2020-05-10,74.18,71.92,24.46,British Columbia
2020-05-13,81.76,75.94,24.34,British Columbia
2020-05-14,87.32,80.9,25.02,British Columbia
2020-05-15,106.53,102.33,28.61,British Columbia
2020-05-16,84.54,77.02,23.58,British Columbia
2020-05-17,77.63,75.84,23.93,British Columbia
2020-05-18,86.67,92.26,30.0,British Columbia
2020-05-19,93.34,94.02,30.45,British Columbia
2020-05-20,92.44,90.42,29.46,British Columbia
2020-05-21,92.84,94.37,29.56,British Columbia
2020-05-22,105.22,103.94,31.22,British Columbia
2020-05-23,98.58,99.57,31.54,British Columbia
2020-05-24,84.92,84.08,29.0,British Columbia
2020-05-25,92.21,87.58,30.74,British Columbia
2020-05-26,99.01,103.12,34.65,British Columbia
2020-05-27,103.28,106.91,34.9,British Columbia
2020-05-28,103.84,107.95,35.43,British Columbia
2020-05-29,117.74,116.7,37.81,British Columbia
2020-05-30,97.25,93.78,31.67,British Columbia
2020-05-31,85.55,87.9,32.64,British Columbia
2020-06-01,100.77,107.56,35.5,British Columbia
2020-06-02,96.03,94.79,31.39,British Columbia
2020-06-03,102.75,105.82,34.95,British Columbia
2020-06-04,105.55,105.03,34.91,British Columbia
2020-06-05,121.09,128.35,39.93,British Columbia
2020-06-06,109.54,117.91,35.18,British Columbia
2020-06-07,99.5,105.89,35.44,British Columbia
2020-06-08,102.19,103.92,36.28,British Columbia
2020-06-09,99.63,99.8,33.93,British Columbia
2020-06-10,106.27,108.18,36.65,British Columbia
2020-06-11,108.93,109.0,36.83,British Columbia
2020-06-12,122.55,116.18,38.29,British Columbia
2020-06-13,116.17,122.28,38.09,British Columbia
2020-06-14,98.83,94.64,34.24,British Columbia
2020-06-15,105.82,102.43,36.81,British Columbia
2020-06-16,115.1,120.49,41.09,British Columbia
2020-06-17,118.22,122.19,44.15,British Columbia
2020-06-18,126.06,126.48,43.4,British Columbia
2020-06-19,138.6,142.29,43.88,British Columbia
2020-06-20,120.29,121.46,36.84,British Columbia
2020-06-21,105.48,105.7,36.4,British Columbia
2020-06-22,119.79,124.78,44.65,British Columbia
2020-06-23,119.71,122.19,41.3,British Columbia
2020-06-24,125.81,132.22,43.64,British Columbia
2020-06-25,135.57,138.55,46.4,British Columbia
2020-06-26,149.73,145.53,46.32,British Columbia
2020-06-27,137.84,145.09,43.78,British Columbia
2020-06-28,130.06,128.68,43.38,British Columbia
2020-06-29,135.95,140.2,46.98,British Columbia
2020-06-30,138.67,143.79,44.6,British Columbia
2020-07-01,119.28,121.33,43.08,British Columbia
2020-07-02,144.7,138.3,45.37,British Columbia
2020-07-03,159.83,142.37,46.69,British Columbia
2020-07-04,147.74,160.41,48.31,British Columbia
2020-07-05,150.03,138.98,47.57,British Columbia
2020-07-06,138.17,139.3,49.48,British Columbia
2020-07-07,136.07,137.06,47.19,British Columbia
2020-07-08,140.1,144.68,48.16,British Columbia
2020-07-09,142.19,139.98,46.87,British Columbia
2020-07-10,164.63,171.07,51.85,British Columbia
2020-07-11,144.58,152.52,45.66,British Columbia
2020-07-12,139.19,138.98,46.61,British Columbia
2020-07-13,143.88,147.21,50.61,British Columbia
2020-07-14,145.25,150.42,50.97,British Columbia
2020-07-15,149.01,151.57,52.52,British Columbia
2020-07-16,149.89,149.0,50.41,British Columbia
2020-07-17,167.61,168.59,51.89,British Columbia
2020-07-18,161.61,174.53,52.87,British Columbia
2020-07-19,152.17,143.28,48.45,British Columbia
2020-07-20,151.88,151.34,53.27,British Columbia
2020-07-21,147.89,150.58,51.23,British Columbia
2020-07-22,148.46,149.82,50.14,British Columbia
2020-07-23,150.75,148.93,48.29,British Columbia
2020-07-24,167.45,166.57,50.59,British Columbia
2020-07-25,161.56,171.84,51.03,British Columbia
2020-07-26,150.69,145.39,48.23,British Columbia
2020-07-27,152.6,148.11,51.72,British Columbia
2020-07-28,152.86,153.55,50.88,British Columbia
2020-07-29,155.74,154.23,52.05,British Columbia
2020-07-30,165.42,156.02,52.25,British Columbia
2020-07-31,185.13,172.77,52.93,British Columbia
2020-08-01,169.25,182.84,51.24,British Columbia
2020-08-02,151.36,159.49,46.4,British Columbia
2020-08-03,153.06,141.97,48.35,British Columbia
2020-08-04,161.55,162.32,55.36,British Columbia
2020-08-05,163.74,162.99,53.39,British Columbia
2020-08-06,162.01,153.92,49.11,British Columbia
2020-08-07,177.32,166.01,51.77,British Columbia
2020-08-08,164.57,172.7,49.94,British Columbia
2020-08-09,156.84,149.66,48.94,British Columbia
2020-08-10,159.26,156.17,53.02,British Columbia
2020-08-11,156.59,161.42,51.7,British Columbia
2020-08-12,158.53,160.73,50.25,British Columbia
2020-08-13,168.91,163.31,52.16,British Columbia
2020-08-14,184.5,185.48,54.43,British Columbia
2020-08-15,172.0,180.58,52.44,British Columbia
2020-08-16,160.74,149.87,49.65,British Columbia
2020-08-17,162.75,160.9,53.87,British Columbia
2020-08-18,161.31,166.54,54.12,British Columbia
2020-08-19,160.8,160.5,51.61,British Columbia
2020-08-20,160.91,159.11,48.91,British Columbia
2020-08-21,171.72,169.9,49.2,British Columbia
2020-08-22,162.83,182.13,51.56,British Columbia
2020-08-23,149.35,145.0,46.07,British Columbia
2020-08-24,155.0,157.76,52.65,British Columbia
2020-08-25,155.72,163.66,54.07,British Columbia
2020-08-26,157.83,165.45,53.73,British Columbia
2020-08-27,165.5,171.47,55.08,British Columbia
2020-08-28,179.17,188.24,56.76,British Columbia
2020-08-29,162.51,180.02,53.13,British Columbia
2020-08-30,147.19,138.66,47.12,British Columbia
2020-08-31,150.57,155.94,55.57,British Columbia
2020-09-01,152.24,165.58,56.25,British Columbia
2020-09-02,154.97,165.99,56.96,British Columbia
2020-09-03,163.9,167.12,57.75,British Columbia
2020-09-04,186.99,185.04,59.25,British Columbia
2020-09-05,164.06,186.47,54.31,British Columbia
2020-09-06,146.45,167.85,51.42,British Columbia
2020-09-07,151.75,149.34,55.28,British Columbia
2020-09-08,150.26,156.93,60.99,British Columbia
2020-09-09,146.72,157.41,60.58,British Columbia
2020-09-10,148.69,158.79,61.01,British Columbia
2020-09-11,164.4,172.88,62.17,British Columbia
2020-09-12,144.07,160.4,51.99,British Columbia
2020-09-13,118.23,116.85,47.71,British Columbia
2020-09-14,130.23,130.95,52.82,British Columbia
2020-09-15,132.7,139.97,53.59,British Columbia
2020-09-16,135.8,141.81,55.23,British Columbia
2020-09-17,138.22,142.78,54.68,British Columbia
2020-09-18,154.02,164.73,56.44,British Columbia
2020-09-19,138.99,161.56,53.96,British Columbia
2020-09-20,119.21,128.12,47.82,British Columbia
2020-09-21,125.32,132.08,53.79,British Columbia
2020-09-22,126.99,134.29,51.84,British Columbia
2020-09-23,123.85,121.53,48.4,British Columbia
2020-09-24,127.38,128.21,49.36,British Columbia
2020-09-25,142.19,156.36,54.23,British Columbia
2020-09-26,129.71,148.01,50.61,British Columbia
2020-09-27,111.9,118.18,46.07,British Columbia
2020-09-28,123.62,130.09,53.05,British Columbia
2020-09-29,128.89,138.54,52.99,British Columbia
2020-09-30,128.12,133.9,50.85,British Columbia
2020-10-01,128.15,133.48,51.51,British Columbia
2020-10-02,145.14,159.25,57.51,British Columbia
2020-10-03,136.03,159.06,53.2,British Columbia
2020-10-04,107.43,116.07,44.94,British Columbia
2020-10-05,117.23,121.8,50.37,British Columbia
2020-10-06,120.3,129.01,50.14,British Columbia
2020-10-07,122.15,127.91,50.89,British Columbia
2020-10-08,124.15,127.43,50.16,British Columbia
2020-10-09,141.35,138.12,51.01,British Columbia
2020-10-10,120.37,142.85,47.54,British Columbia
2020-10-11,88.06,91.9,37.22,British Columbia
2020-10-12,94.15,93.85,41.29,British Columbia
2020-10-13,114.16,114.01,47.69,British Columbia
2020-10-14,118.09,128.08,50.35,British Columbia
2020-10-15,121.24,127.75,49.67,British Columbia
2020-10-16,135.49,146.36,52.39,British Columbia
2020-10-17,126.32,152.46,51.97,British Columbia
2020-10-18,100.84,108.15,43.19,British Columbia
2020-10-19,111.95,123.77,49.2,British Columbia
2020-10-20,115.5,126.93,50.08,British Columbia
2020-10-21,119.22,129.8,50.35,British Columbia
2020-10-22,122.04,131.74,50.88,British Columbia
2020-10-23,132.93,139.58,52.17,British Columbia
2020-10-24,132.21,163.51,53.18,British Columbia
2020-10-25,101.64,106.2,42.64,British Columbia
2020-10-26,108.07,116.5,47.46,British Columbia
2020-10-27,110.32,113.36,46.37,British Columbia
2020-10-28,110.51,118.33,46.84,British Columbia
2020-10-29,115.02,121.9,49.52,British Columbia
2020-10-30,129.27,144.69,53.0,British Columbia
2020-10-31,116.81,148.33,51.59,British Columbia
2020-11-01,95.79,110.03,42.72,British Columbia
2020-11-02,105.43,118.58,49.02,British Columbia
2020-11-03,101.58,107.8,43.86,British Columbia
2020-11-04,101.86,115.49,45.74,British Columbia
2020-01-13,100.0,100.0,100.0,Canada
2020-01-14,102.91,106.29,100.03,Canada
2020-01-15,99.74,106.65,98.01,Canada
2020-01-16,105.17,108.64,101.01,Canada
2020-01-17,122.34,127.43,105.42,Canada
2020-01-18,102.5,122.55,89.65,Canada
2020-01-19,84.46,90.42,75.87,Canada
2020-01-20,102.63,104.92,98.64,Canada
2020-01-21,104.31,108.92,99.0,Canada
2020-01-22,107.37,112.57,100.79,Canada
2020-01-23,110.29,118.17,101.45,Canada
2020-01-24,127.88,139.85,108.86,Canada
2020-01-25,116.84,136.71,91.47,Canada
2020-01-26,88.06,93.37,75.15,Canada
2020-01-27,98.11,105.36,93.28,Canada
2020-01-28,102.75,111.79,95.88,Canada
2020-01-29,104.73,110.13,94.14,Canada
2020-01-30,109.0,115.16,97.63,Canada
2020-01-31,129.2,138.49,104.6,Canada
2020-02-01,119.47,140.12,93.75,Canada
2020-02-02,88.42,91.16,75.71,Canada
2020-02-03,97.41,102.67,93.13,Canada
2020-02-04,100.25,105.91,94.86,Canada
2020-02-05,103.6,107.29,94.09,Canada
2020-02-06,105.72,108.17,96.3,Canada
2020-02-07,120.32,128.56,103.76,Canada
2020-02-08,118.1,139.77,95.66,Canada
2020-02-09,92.45,93.6,78.4,Canada
2020-02-10,104.41,106.26,95.79,Canada
2020-02-11,107.15,111.39,96.84,Canada
2020-02-12,108.19,112.79,96.69,Canada
2020-02-13,115.97,120.1,102.9,Canada
2020-02-14,140.55,152.97,108.95,Canada
2020-02-15,125.71,152.65,92.72,Canada
2020-02-16,103.84,125.23,79.97,Canada
2020-02-17,95.14,99.59,80.63,Canada
2020-02-18,111.82,114.61,97.64,Canada
2020-02-19,113.99,119.86,98.13,Canada
2020-02-20,119.01,127.3,100.38,Canada
2020-02-21,136.41,152.97,110.64,Canada
2020-02-22,128.05,155.76,96.4,Canada
2020-02-23,98.89,103.86,78.72,Canada
2020-02-24,102.34,109.77,93.45,Canada
2020-02-25,107.2,111.42,94.4,Canada
2020-02-26,104.04,106.92,91.96,Canada
2020-02-27,105.22,107.07,94.2,Canada
2020-02-28,131.32,135.19,105.38,Canada
2020-02-29,125.25,146.34,99.36,Canada
2020-03-01,96.88,102.32,79.62,Canada
2020-03-02,105.19,109.77,95.54,Canada
2020-03-03,110.89,117.97,98.09,Canada
2020-03-04,112.29,123.88,100.52,Canada
2020-03-05,117.74,131.76,103.64,Canada
2020-03-06,128.31,142.64,103.96,Canada
2020-03-07,119.48,147.0,94.06,Canada
2020-03-08,95.1,108.48,78.53,Canada
2020-03-09,102.06,113.56,92.55,Canada
2020-03-10,103.97,108.1,91.11,Canada
2020-03-11,103.94,110.67,89.78,Canada
2020-03-12,100.22,106.32,83.35,Canada
2020-03-13,101.24,104.32,76.4,Canada
2020-03-14,87.16,103.0,63.75,Canada
2020-03-15,68.17,73.82,51.19,Canada
2020-03-16,74.1,75.7,50.0,Canada
2020-03-17,67.21,65.68,40.26,Canada
2020-03-18,63.91,62.44,35.59,Canada
2020-03-19,62.16,60.16,31.53,Canada
2020-03-20,63.93,59.11,30.3,Canada
2020-03-21,53.45,53.11,26.48,Canada
2020-03-22,41.73,43.54,22.26,Canada
2020-03-23,49.42,45.64,23.58,Canada
2020-03-24,48.66,48.44,21.68,Canada
2020-03-25,47.57,49.21,20.81,Canada
2020-03-26,46.94,46.46,19.64,Canada
2020-03-27,52.63,53.57,20.16,Canada
2020-03-28,43.08,43.07,18.09,Canada
2020-03-29,36.69,38.38,17.25,Canada
2020-03-30,45.01,42.36,19.58,Canada
2020-03-31,47.15,47.84,20.05,Canada
2020-04-01,48.1,49.0,19.54,Canada
2020-04-02,47.17,47.09,18.77,Canada
2020-04-03,51.71,48.68,18.88,Canada
2020-04-04,44.5,48.35,17.33,Canada
2020-04-05,36.1,39.89,16.32,Canada
2020-04-06,47.06,51.48,18.84,Canada
2020-04-07,48.1,50.34,17.9,Canada
2020-04-08,50.81,53.06,18.1,Canada
2020-04-09,56.31,52.77,17.74,Canada
2020-04-10,45.48,45.36,16.45,Canada
2020-04-11,47.79,48.43,16.78,Canada
2020-04-12,35.19,40.6,14.93,Canada
2020-04-13,44.73,41.76,18.09,Canada
2020-04-14,52.28,50.75,18.73,Canada
2020-04-15,54.67,50.9,18.73,Canada
2020-04-16,56.14,53.45,18.31,Canada
2020-04-17,61.27,56.42,18.64,Canada
2020-04-18,54.89,56.27,18.19,Canada
2020-04-19,45.1,44.6,16.95,Canada
2020-04-20,58.27,58.6,20.48,Canada
2020-04-21,57.54,51.99,18.99,Canada
2020-04-22,59.5,53.94,19.29,Canada
2020-04-23,62.07,57.59,19.49,Canada
2020-04-24,69.4,63.55,20.44,Canada
2020-04-25,61.33,63.76,19.56,Canada
2020-04-26,49.16,47.31,18.08,Canada
2020-04-27,62.59,61.18,21.78,Canada
2020-04-28,64.78,62.65,21.66,Canada
2020-04-29,66.72,63.49,21.3,Canada
2020-04-30,68.45,62.18,21.97,Canada
2020-05-01,78.5,74.84,23.68,Canada
2020-05-02,68.25,69.67,22.42,Canada
2020-05-03,58.95,65.53,22.67,Canada
2020-05-04,69.42,65.69,25.08,Canada
2020-05-05,74.34,72.58,25.29,Canada
2020-05-06,76.92,75.32,25.24,Canada
2020-05-07,76.86,72.43,24.37,Canada
2020-05-08,84.86,75.74,25.12,Canada
2020-05-09,76.51,68.96,23.18,Canada
2020-05-10,62.35,58.27,21.5,Canada
2020-05-13,84.23,81.49,26.02,Canada
2020-05-14,85.65,79.21,24.99,Canada
2020-05-15,97.27,86.56,26.34,Canada
2020-05-16,88.47,88.81,25.97,Canada
2020-05-17,72.89,75.55,23.82,Canada
2020-05-18,74.31,75.29,26.21,Canada
2020-05-19,92.23,90.98,30.01,Canada
2020-05-20,97.8,98.09,30.24,Canada
2020-05-21,98.06,97.15,30.23,Canada
2020-05-22,109.68,105.96,31.66,Canada
2020-05-23,99.15,101.32,30.71,Canada
2020-05-24,84.03,86.58,29.21,Canada
2020-05-25,98.93,96.9,33.13,Canada
2020-05-26,101.72,101.36,34.04,Canada
2020-05-27,104.91,102.05,34.27,Canada
2020-05-28,104.34,96.86,32.82,Canada
2020-05-29,115.01,106.07,34.46,Canada
2020-05-30,104.54,100.45,33.01,Canada
2020-05-31,87.22,83.93,31.66,Canada
2020-06-01,104.19,104.4,36.59,Canada
2020-06-02,103.65,99.77,34.25,Canada
2020-06-03,106.4,104.19,36.07,Canada
2020-06-04,113.84,112.0,37.55,Canada
2020-06-05,126.58,123.31,39.32,Canada
2020-06-06,109.89,108.66,35.8,Canada
2020-06-07,94.87,96.65,35.34,Canada
2020-06-08,109.32,107.61,39.7,Canada
2020-06-09,112.78,109.23,39.23,Canada
2020-06-10,114.47,108.34,39.18,Canada
2020-06-11,119.84,113.11,39.2,Canada
2020-06-12,134.95,122.3,41.51,Canada
2020-06-13,121.42,117.09,38.82,Canada
2020-06-14,103.68,97.54,36.89,Canada
2020-06-15,118.28,114.46,43.02,Canada
2020-06-16,123.63,121.71,43.86,Canada
2020-06-17,124.96,120.6,44.21,Canada
2020-06-18,131.48,123.99,45.03,Canada
2020-06-19,148.59,136.19,47.05,Canada
2020-06-20,133.33,123.98,42.97,Canada
2020-06-21,106.35,93.2,38.84,Canada
2020-06-22,126.37,120.28,48.35,Canada
2020-06-23,129.18,120.2,46.03,Canada
2020-06-24,127.97,121.41,46.82,Canada
2020-06-25,140.14,133.34,50.05,Canada
2020-06-26,156.72,144.03,51.1,Canada
2020-06-27,133.66,128.21,45.53,Canada
2020-06-28,119.21,108.17,43.68,Canada
2020-06-29,136.33,128.99,51.04,Canada
2020-06-30,147.12,138.67,50.71,Canada
2020-07-01,129.26,128.88,48.22,Canada
2020-07-02,148.6,134.54,51.8,Canada
2020-07-03,164.68,149.11,53.17,Canada
2020-07-04,146.39,142.8,49.13,Canada
2020-07-05,134.23,115.92,46.48,Canada
2020-07-06,141.72,134.9,53.24,Canada
2020-07-07,141.48,134.53,52.06,Canada
2020-07-08,143.13,133.52,51.76,Canada
2020-07-09,149.11,138.1,52.16,Canada
2020-07-10,166.99,152.51,53.82,Canada
2020-07-11,141.05,131.35,46.26,Canada
2020-07-12,130.04,117.85,46.0,Canada
2020-07-13,141.76,133.9,52.57,Canada
2020-07-14,146.65,141.33,53.42,Canada
2020-07-15,150.66,143.1,53.59,Canada
2020-07-16,148.43,133.24,50.78,Canada
2020-07-17,170.47,155.2,55.09,Canada
2020-07-18,158.7,152.34,52.26,Canada
2020-07-19,130.78,109.32,44.29,Canada
2020-07-20,148.71,138.07,54.06,Canada
2020-07-21,148.46,141.37,52.54,Canada
2020-07-22,146.23,133.09,50.61,Canada
2020-07-23,152.58,140.68,51.87,Canada
2020-07-24,172.68,155.84,54.45,Canada
2020-07-25,160.52,153.35,51.67,Canada
2020-07-26,139.92,119.38,46.24,Canada
2020-07-27,145.8,131.46,52.0,Canada
2020-07-28,152.22,142.83,53.72,Canada
2020-07-29,153.42,140.23,53.23,Canada
2020-07-30,160.63,144.44,54.54,Canada
2020-07-31,177.08,154.83,54.27,Canada
2020-08-01,163.8,156.21,52.21,Canada
2020-08-02,129.68,115.09,43.34,Canada
2020-08-03,139.65,121.3,49.5,Canada
2020-08-04,150.51,133.6,54.36,Canada
2020-08-05,161.1,150.25,57.03,Canada
2020-08-06,165.89,151.57,55.78,Canada
2020-08-07,181.5,163.51,56.91,Canada
2020-08-08,166.77,162.19,53.39,Canada
2020-08-09,145.39,124.95,48.48,Canada
2020-08-10,155.56,141.6,56.09,Canada
2020-08-11,154.27,143.1,55.19,Canada
2020-08-12,161.61,150.14,56.76,Canada
2020-08-13,167.17,152.77,57.33,Canada
2020-08-14,185.15,169.65,59.28,Canada
2020-08-15,170.86,166.12,55.26,Canada
2020-08-16,145.91,125.61,49.46,Canada
2020-08-17,153.85,141.91,56.98,Canada
2020-08-18,156.74,152.04,58.78,Canada
2020-08-19,160.95,152.88,59.12,Canada
2020-08-20,165.42,152.66,58.16,Canada
2020-08-21,180.28,164.51,58.29,Canada
2020-08-22,166.37,169.22,56.06,Canada
2020-08-23,143.31,127.2,50.39,Canada
2020-08-24,151.67,144.16,59.67,Canada
2020-08-25,154.74,151.8,61.2,Canada
2020-08-26,156.01,151.51,60.39,Canada
2020-08-27,159.98,153.63,60.86,Canada
2020-08-28,177.22,170.33,62.13,Canada
2020-08-29,151.68,152.51,52.9,Canada
2020-08-30,137.2,129.22,52.38,Canada
2020-08-31,149.17,150.09,63.25,Canada
2020-09-01,152.38,154.23,64.33,Canada
2020-09-02,149.59,148.89,63.72,Canada
2020-09-03,161.66,162.02,66.64,Canada
2020-09-04,187.84,180.93,67.14,Canada
2020-09-05,164.55,177.77,59.33,Canada
2020-09-06,141.97,154.48,53.77,Canada
2020-09-07,128.73,120.01,53.57,Canada
2020-09-08,143.6,146.37,67.24,Canada
2020-09-09,142.82,146.04,65.43,Canada
2020-09-10,146.88,146.5,65.11,Canada
2020-09-11,169.0,170.84,69.06,Canada
2020-09-12,155.04,167.47,60.36,Canada
2020-09-13,118.1,109.33,51.03,Canada
2020-09-14,132.56,130.15,61.14,Canada
2020-09-15,135.64,133.04,60.76,Canada
2020-09-16,138.33,137.87,62.46,Canada
2020-09-17,142.66,140.72,62.99,Canada
2020-09-18,163.58,160.85,65.91,Canada
2020-09-19,149.58,157.46,58.55,Canada
2020-09-20,120.76,119.03,51.12,Canada
2020-09-21,125.72,126.34,58.75,Canada
2020-09-22,126.51,127.81,57.28,Canada
2020-09-23,127.55,126.21,56.01,Canada
2020-09-24,133.13,129.76,56.82,Canada
2020-09-25,154.15,153.57,62.14,Canada
2020-09-26,145.47,154.25,56.58,Canada
2020-09-27,116.91,112.08,47.92,Canada
2020-09-28,119.11,117.03,53.57,Canada
2020-09-29,121.92,120.46,53.75,Canada
2020-09-30,122.41,116.27,52.39,Canada
2020-10-01,126.43,120.95,52.79,Canada
2020-10-02,140.63,135.72,55.94,Canada
2020-10-03,132.62,137.28,50.61,Canada
2020-10-04,101.15,95.44,42.56,Canada
2020-10-05,114.47,111.54,51.53,Canada
2020-10-06,116.97,114.64,51.62,Canada
2020-10-07,116.68,110.34,49.92,Canada
2020-10-08,124.39,115.67,50.88,Canada
2020-10-09,142.94,130.36,52.48,Canada
2020-10-10,119.13,118.43,45.56,Canada
2020-10-11,91.42,89.43,37.05,Canada
2020-10-12,89.66,80.88,38.04,Canada
2020-10-13,114.36,106.2,48.84,Canada
2020-10-14,117.8,115.55,49.79,Canada
2020-10-15,120.16,111.91,48.82,Canada
2020-10-16,133.45,126.87,51.5,Canada
2020-10-17,123.68,129.49,47.87,Canada
2020-10-18,94.54,91.66,40.15,Canada
2020-10-19,107.17,101.99,46.93,Canada
2020-10-20,111.42,108.23,48.01,Canada
2020-10-21,110.88,105.25,46.79,Canada
2020-10-22,115.99,111.41,48.24,Canada
2020-10-23,135.4,131.19,52.85,Canada
2020-10-24,120.93,124.88,47.77,Canada
2020-10-25,93.85,88.34,39.99,Canada
2020-10-26,105.92,100.66,46.85,Canada
2020-10-27,110.69,102.61,46.66,Canada
2020-10-28,112.67,107.17,47.42,Canada
2020-10-29,116.46,108.73,48.48,Canada
2020-10-30,131.12,124.76,50.72,Canada
2020-10-31,113.79,128.16,46.93,Canada
2020-11-01,85.03,83.82,39.02,Canada
2020-11-02,101.68,99.42,46.81,Canada
2020-11-03,103.35,101.43,46.61,Canada
2020-11-04,104.45,106.07,47.05,Canada
2020-01-13,100.0,100.0,100.0,Quebec
2020-01-14,101.53,103.38,101.6,Quebec
2020-01-15,105.44,112.83,103.83,Quebec
2020-01-16,110.5,112.46,108.58,Quebec
2020-01-17,121.81,122.91,110.75,Quebec
2020-01-18,107.72,127.86,101.01,Quebec
2020-01-19,81.92,88.03,83.26,Quebec
2020-01-20,99.15,95.36,104.81,Quebec
2020-01-21,99.73,100.38,105.65,Quebec
2020-01-22,105.6,107.72,107.03,Quebec
2020-01-23,109.23,118.43,109.27,Quebec
2020-01-24,128.14,145.82,119.43,Quebec
2020-01-25,116.53,137.53,101.72,Quebec
2020-01-26,84.43,89.85,81.03,Quebec
2020-01-27,96.09,103.13,101.4,Quebec
2020-01-28,99.99,107.53,106.81,Quebec
2020-01-29,101.51,104.98,101.15,Quebec
2020-01-30,106.93,112.31,106.14,Quebec
2020-01-31,126.25,140.46,115.32,Quebec
2020-02-01,118.18,144.57,102.97,Quebec
2020-02-02,91.69,93.39,83.83,Quebec
2020-02-03,93.29,97.42,98.94,Quebec
2020-02-04,97.93,105.4,102.07,Quebec
2020-02-05,101.66,106.23,103.21,Quebec
2020-02-06,105.69,106.45,108.5,Quebec
2020-02-07,109.35,115.54,114.96,Quebec
2020-02-08,113.35,141.39,109.69,Quebec
2020-02-09,89.04,92.01,86.96,Quebec
2020-02-10,115.92,103.79,111.26,Quebec
2020-02-11,108.18,107.53,107.33,Quebec
2020-02-12,110.44,114.96,108.18,Quebec
2020-02-13,117.16,121.33,113.04,Quebec
2020-02-14,134.05,152.63,120.68,Quebec
2020-02-15,123.14,172.12,108.55,Quebec
2020-02-16,100.4,134.15,91.95,Quebec
2020-02-17,106.8,113.9,101.17,Quebec
2020-02-18,107.08,107.33,102.21,Quebec
2020-02-19,115.63,115.0,106.27,Quebec
2020-02-20,114.66,119.51,111.12,Quebec
2020-02-21,133.23,146.47,123.68,Quebec
2020-02-22,121.77,150.59,104.13,Quebec
2020-02-23,93.88,100.26,83.16,Quebec
2020-02-24,100.2,105.11,98.1,Quebec
2020-02-25,106.07,111.33,101.29,Quebec
2020-02-26,103.6,104.66,100.67,Quebec
2020-02-27,96.57,99.99,104.38,Quebec
2020-02-28,131.21,135.97,119.12,Quebec
2020-02-29,118.1,148.95,109.78,Quebec
2020-03-01,96.95,102.9,88.84,Quebec
2020-03-02,108.82,113.49,104.72,Quebec
2020-03-03,113.8,124.64,108.96,Quebec
2020-03-04,113.63,123.17,110.13,Quebec
2020-03-05,122.77,140.06,115.07,Quebec
2020-03-06,123.02,139.18,111.87,Quebec
2020-03-07,113.03,139.71,99.97,Quebec
2020-03-08,91.91,102.35,85.27,Quebec
2020-03-09,98.76,108.35,100.94,Quebec
2020-03-10,101.84,105.59,100.77,Quebec
2020-03-11,106.39,114.83,98.82,Quebec
2020-03-12,103.57,111.73,89.93,Quebec
2020-03-13,93.79,102.14,77.11,Quebec
2020-03-14,82.69,101.02,66.28,Quebec
2020-03-15,64.1,70.99,52.82,Quebec
2020-03-16,70.27,72.24,50.94,Quebec
2020-03-17,59.91,57.17,39.54,Quebec
2020-03-18,59.49,61.62,37.36,Quebec
2020-03-19,57.7,57.36,33.09,Quebec
2020-03-20,56.82,51.36,31.24,Quebec
2020-03-21,44.91,47.74,28.1,Quebec
2020-03-22,36.88,41.91,24.92,Quebec
2020-03-23,47.53,44.29,25.35,Quebec
2020-03-24,44.91,48.49,22.78,Quebec
2020-03-25,38.75,47.01,21.45,Quebec
2020-03-26,38.82,43.99,20.36,Quebec
2020-03-27,43.44,53.83,20.78,Quebec
2020-03-28,35.78,45.2,19.27,Quebec
2020-03-29,27.09,27.03,16.5,Quebec
2020-03-30,35.42,35.66,19.7,Quebec
2020-03-31,39.29,49.07,21.14,Quebec
2020-04-01,38.67,43.98,20.03,Quebec
2020-04-02,36.71,39.84,19.16,Quebec
2020-04-03,40.29,45.78,19.85,Quebec
2020-04-04,34.74,51.58,18.05,Quebec
2020-04-05,26.39,34.44,16.53,Quebec
2020-04-06,37.72,48.89,19.52,Quebec
2020-04-07,38.33,51.19,18.69,Quebec
2020-04-08,39.19,48.76,18.94,Quebec
2020-04-09,39.6,41.79,17.13,Quebec
2020-04-10,39.56,43.85,18.13,Quebec
2020-04-11,36.41,44.05,17.18,Quebec
2020-04-12,29.29,42.93,16.43,Quebec
2020-04-13,32.04,32.79,19.35,Quebec
2020-04-14,41.41,47.8,20.25,Quebec
2020-04-15,43.46,46.2,20.14,Quebec
2020-04-16,45.34,48.45,19.71,Quebec
2020-04-17,48.96,52.53,20.2,Quebec
2020-04-18,41.49,53.28,19.5,Quebec
2020-04-19,32.88,37.36,17.93,Quebec
2020-04-20,48.67,54.06,21.7,Quebec
2020-04-21,46.73,43.25,21.33,Quebec
2020-04-22,47.8,45.28,21.87,Quebec
2020-04-23,52.9,53.11,21.69,Quebec
2020-04-24,57.39,60.89,22.37,Quebec
2020-04-25,48.23,62.25,22.12,Quebec
2020-04-26,39.42,43.88,20.01,Quebec
2020-04-27,52.85,52.16,25.06,Quebec
2020-04-28,56.29,61.38,24.69,Quebec
2020-04-29,59.74,63.85,25.58,Quebec
2020-04-30,55.29,50.32,23.73,Quebec
2020-05-01,64.12,63.43,26.82,Quebec
2020-05-02,57.98,74.95,26.44,Quebec
2020-05-03,47.54,58.32,25.01,Quebec
2020-05-04,62.82,61.15,29.31,Quebec
2020-05-05,65.77,66.25,30.4,Quebec
2020-05-06,69.91,74.78,31.3,Quebec
2020-05-07,68.86,69.3,28.27,Quebec
2020-05-08,73.39,66.07,27.59,Quebec
2020-05-09,64.1,57.23,25.05,Quebec
2020-05-10,54.42,52.55,23.95,Quebec
2020-05-13,80.03,77.08,31.08,Quebec
2020-05-14,82.83,83.66,30.62,Quebec
2020-05-15,87.38,71.61,28.32,Quebec
2020-05-16,79.19,81.67,29.56,Quebec
2020-05-17,66.64,77.79,28.44,Quebec
2020-05-18,74.33,78.6,31.67,Quebec
2020-05-19,89.79,86.81,34.47,Quebec
2020-05-20,94.98,96.03,35.26,Quebec
2020-05-21,98.96,97.68,36.44,Quebec
2020-05-22,110.44,106.53,38.72,Quebec
2020-05-23,91.38,93.91,35.7,Quebec
2020-05-24,79.36,84.3,34.98,Quebec
2020-05-25,97.42,90.94,39.95,Quebec
2020-05-26,102.96,100.24,40.88,Quebec
2020-05-27,105.48,95.67,41.21,Quebec
2020-05-28,106.26,95.64,41.14,Quebec
2020-05-29,112.91,100.73,40.81,Quebec
2020-05-30,97.78,90.28,39.56,Quebec
2020-05-31,85.23,80.14,38.88,Quebec
2020-06-01,105.85,94.28,43.35,Quebec
2020-06-02,105.73,92.68,42.15,Quebec
2020-06-03,107.1,96.32,43.54,Quebec
2020-06-04,120.03,115.05,47.86,Quebec
2020-06-05,131.31,120.91,48.57,Quebec
2020-06-06,105.82,93.49,43.45,Quebec
2020-06-07,102.48,105.99,47.03,Quebec
2020-06-08,115.11,107.29,50.84,Quebec
2020-06-09,118.39,109.25,49.96,Quebec
2020-06-10,117.67,104.18,49.21,Quebec
2020-06-11,122.17,108.42,48.32,Quebec
2020-06-12,141.25,117.81,52.61,Quebec
2020-06-13,118.92,102.03,47.06,Quebec
2020-06-14,106.99,98.24,46.84,Quebec
2020-06-15,126.89,119.2,56.23,Quebec
2020-06-16,130.36,123.01,58.56,Quebec
2020-06-17,132.5,123.73,58.13,Quebec
2020-06-18,138.96,123.8,57.19,Quebec
2020-06-19,157.41,131.67,59.84,Quebec
2020-06-20,135.33,114.04,53.78,Quebec
2020-06-21,111.35,89.54,49.33,Quebec
2020-06-22,135.19,118.35,62.94,Quebec
2020-06-23,146.24,123.88,60.7,Quebec
2020-06-24,110.42,95.69,55.72,Quebec
2020-06-25,146.22,131.09,65.38,Quebec
2020-06-26,161.59,141.12,67.04,Quebec
2020-06-27,130.78,117.87,55.76,Quebec
2020-06-28,116.41,95.54,52.92,Quebec
2020-06-29,140.97,120.71,64.41,Quebec
2020-06-30,156.94,137.3,67.83,Quebec
2020-07-01,146.71,137.3,65.59,Quebec
2020-07-02,161.49,143.81,70.59,Quebec
2020-07-03,175.77,159.9,72.59,Quebec
2020-07-04,157.96,144.19,64.51,Quebec
2020-07-05,139.54,114.59,59.97,Quebec
2020-07-06,153.08,138.36,69.83,Quebec
2020-07-07,153.0,140.88,69.11,Quebec
2020-07-08,151.44,137.37,69.21,Quebec
2020-07-09,157.54,142.85,69.94,Quebec
2020-07-10,174.4,152.36,70.8,Quebec
2020-07-11,133.3,117.84,57.04,Quebec
2020-07-12,128.88,115.15,57.77,Quebec
2020-07-13,149.96,137.04,68.31,Quebec
2020-07-14,154.12,143.41,67.86,Quebec
2020-07-15,162.85,148.13,70.05,Quebec
2020-07-16,157.81,136.17,65.8,Quebec
2020-07-17,172.14,144.73,68.11,Quebec
2020-07-18,162.61,142.01,64.36,Quebec
2020-07-19,132.91,105.17,55.57,Quebec
2020-07-20,151.13,130.31,67.01,Quebec
2020-07-21,155.41,138.92,65.74,Quebec
2020-07-22,150.29,131.64,63.62,Quebec
2020-07-23,157.52,139.79,64.31,Quebec
2020-07-24,179.01,154.39,68.89,Quebec
2020-07-25,163.9,142.23,61.45,Quebec
2020-07-26,139.24,106.53,53.57,Quebec
2020-07-27,142.38,118.66,60.07,Quebec
2020-07-28,151.03,134.43,65.55,Quebec
2020-07-29,149.18,127.76,63.22,Quebec
2020-07-30,155.16,137.51,64.85,Quebec
2020-07-31,167.18,143.31,62.94,Quebec
2020-08-01,169.29,150.84,61.43,Quebec
2020-08-02,127.9,97.5,50.84,Quebec
2020-08-03,157.27,136.39,64.06,Quebec
2020-08-04,144.59,110.98,57.38,Quebec
2020-08-05,159.69,140.02,64.7,Quebec
2020-08-06,173.99,152.41,66.25,Quebec
2020-08-07,190.7,161.21,67.3,Quebec
2020-08-08,167.81,155.22,60.58,Quebec
2020-08-09,144.07,114.3,53.46,Quebec
2020-08-10,159.77,135.06,65.0,Quebec
2020-08-11,157.98,134.19,63.82,Quebec
2020-08-12,170.55,148.26,68.52,Quebec
2020-08-13,174.66,151.82,69.03,Quebec
2020-08-14,192.5,167.11,68.96,Quebec
2020-08-15,170.84,155.62,61.46,Quebec
2020-08-16,150.3,124.35,58.2,Quebec
2020-08-17,154.02,132.66,66.82,Quebec
2020-08-18,157.66,144.19,69.9,Quebec
2020-08-19,169.33,150.39,70.98,Quebec
2020-08-20,170.14,150.25,71.62,Quebec
2020-08-21,181.91,158.95,69.72,Quebec
2020-08-22,168.91,166.65,64.12,Quebec
2020-08-23,135.38,120.72,59.38,Quebec
2020-08-24,150.37,136.99,73.21,Quebec
2020-08-25,157.15,149.83,77.96,Quebec
2020-08-26,163.33,155.04,76.3,Quebec
2020-08-27,164.37,154.84,77.62,Quebec
2020-08-28,181.59,172.31,75.29,Quebec
2020-08-29,133.9,121.39,55.73,Quebec
2020-08-30,132.95,127.71,63.44,Quebec
2020-08-31,146.82,148.27,77.53,Quebec
2020-09-01,148.63,142.58,77.53,Quebec
2020-09-02,145.15,133.89,75.27,Quebec
2020-09-03,159.78,156.71,79.09,Quebec
2020-09-04,194.28,174.02,79.54,Quebec
2020-09-05,167.3,172.86,67.21,Quebec
2020-09-06,145.13,152.16,59.79,Quebec
2020-09-07,128.35,103.85,57.73,Quebec
2020-09-08,144.38,132.32,74.19,Quebec
2020-09-09,140.67,127.77,71.35,Quebec
2020-09-10,146.48,129.0,72.1,Quebec
2020-09-11,172.61,163.91,78.86,Quebec
2020-09-12,159.67,161.2,68.65,Quebec
2020-09-13,111.54,91.59,51.73,Quebec
2020-09-14,134.03,119.63,66.07,Quebec
2020-09-15,136.16,120.65,66.61,Quebec
2020-09-16,138.71,128.0,69.95,Quebec
2020-09-17,146.25,135.11,71.7,Quebec
2020-09-18,167.3,154.23,78.58,Quebec
2020-09-19,152.98,147.81,66.43,Quebec
2020-09-20,124.06,113.87,55.95,Quebec
2020-09-21,123.56,116.72,64.41,Quebec
2020-09-22,125.81,117.23,63.43,Quebec
2020-09-23,127.12,118.47,62.8,Quebec
2020-09-24,134.53,122.1,64.81,Quebec
2020-09-25,152.55,141.66,70.28,Quebec
2020-09-26,146.38,144.2,62.38,Quebec
2020-09-27,117.19,104.81,51.04,Quebec
2020-09-28,111.51,100.34,54.06,Quebec
2020-09-29,114.41,99.11,55.43,Quebec
2020-09-30,112.86,102.96,55.92,Quebec
2020-10-01,114.22,99.27,51.91,Quebec
2020-10-02,120.08,101.44,51.33,Quebec
2020-10-03,104.56,99.88,43.25,Quebec
2020-10-04,88.06,82.59,40.41,Quebec
2020-10-05,104.11,92.88,48.39,Quebec
2020-10-06,106.5,98.38,51.55,Quebec
2020-10-07,101.63,85.76,46.66,Quebec
2020-10-08,112.52,97.94,48.67,Quebec
2020-10-09,124.59,110.22,50.31,Quebec
2020-10-10,95.88,93.87,41.96,Quebec
2020-10-11,86.97,86.99,36.36,Quebec
2020-10-12,84.89,80.94,39.95,Quebec
2020-10-13,98.43,82.94,45.92,Quebec
2020-10-14,109.39,101.33,48.97,Quebec
2020-10-15,111.66,102.06,48.63,Quebec
2020-10-16,114.71,101.39,47.81,Quebec
2020-10-17,99.96,103.88,42.28,Quebec
2020-10-18,82.81,84.2,38.42,Quebec
2020-10-19,99.04,86.89,46.03,Quebec
2020-10-20,101.46,89.0,45.51,Quebec
2020-10-21,101.24,85.53,44.96,Quebec
2020-10-22,112.4,100.0,49.78,Quebec
2020-10-23,125.94,120.03,53.68,Quebec
2020-10-24,100.33,98.76,43.11,Quebec
2020-10-25,82.21,76.72,38.41,Quebec
2020-10-26,96.7,79.71,46.08,Quebec
2020-10-27,105.35,91.81,46.33,Quebec
2020-10-28,104.75,90.45,46.92,Quebec
2020-10-29,109.81,94.75,48.02,Quebec
2020-10-30,120.02,105.51,50.21,Quebec
2020-10-31,98.65,103.32,44.59,Quebec
2020-11-01,74.09,68.49,37.01,Quebec
2020-11-02,93.75,83.76,46.06,Quebec
2020-11-03,95.85,87.77,46.86,Quebec
2020-11-04,97.72,89.76,46.01,Quebec
2020-01-13,100.0,100.0,100.0,Alberta
2020-01-14,102.14,111.45,98.74,Alberta
2020-01-15,102.55,110.18,96.36,Alberta
2020-01-16,107.88,113.51,100.21,Alberta
2020-01-17,126.18,136.55,101.31,Alberta
2020-01-18,119.29,135.94,81.57,Alberta
2020-01-19,93.03,97.05,76.68,Alberta
2020-01-20,109.02,125.86,117.75,Alberta
2020-01-21,112.31,139.02,120.22,Alberta
2020-01-22,115.79,137.47,117.84,Alberta
2020-01-23,116.57,138.85,115.89,Alberta
2020-01-24,136.22,165.38,116.12,Alberta
2020-01-25,130.44,166.41,90.88,Alberta
2020-01-26,95.91,113.07,74.48,Alberta
2020-01-27,105.37,121.37,107.62,Alberta
2020-01-28,111.09,136.36,113.93,Alberta
2020-01-29,113.1,135.51,113.93,Alberta
2020-01-30,116.29,142.1,115.36,Alberta
2020-01-31,139.26,167.44,116.96,Alberta
2020-02-01,125.77,151.95,89.13,Alberta
2020-02-02,94.9,103.4,78.3,Alberta
2020-02-03,102.7,113.26,106.1,Alberta
2020-02-04,107.91,121.37,111.12,Alberta
2020-02-05,108.44,124.33,109.12,Alberta
2020-02-06,114.3,139.61,113.23,Alberta
2020-02-07,134.43,166.43,113.61,Alberta
2020-02-08,127.97,153.69,90.66,Alberta
2020-02-09,96.83,102.29,74.54,Alberta
2020-02-10,105.08,122.58,107.92,Alberta
2020-02-11,116.3,131.82,112.33,Alberta
2020-02-12,114.27,124.9,115.05,Alberta
2020-02-13,121.16,151.33,120.13,Alberta
2020-02-14,148.53,183.08,117.92,Alberta
2020-02-15,135.01,168.22,92.27,Alberta
2020-02-16,108.73,134.54,76.55,Alberta
2020-02-17,95.23,95.1,80.48,Alberta
2020-02-18,118.83,134.93,108.64,Alberta
2020-02-19,120.73,143.23,113.78,Alberta
2020-02-20,124.62,157.64,112.68,Alberta
2020-02-21,139.85,176.06,116.91,Alberta
2020-02-22,136.99,167.59,95.05,Alberta
2020-02-23,101.69,108.07,75.91,Alberta
2020-02-24,104.82,119.92,108.99,Alberta
2020-02-25,110.59,128.45,108.53,Alberta
2020-02-26,112.0,134.66,107.89,Alberta
2020-02-27,118.21,146.1,113.25,Alberta
2020-02-28,141.28,175.52,119.73,Alberta
2020-02-29,134.29,163.03,96.74,Alberta
2020-03-01,101.94,114.51,75.31,Alberta
2020-03-02,105.71,130.28,107.16,Alberta
2020-03-03,110.36,131.68,111.55,Alberta
2020-03-04,112.85,133.84,116.45,Alberta
2020-03-05,116.0,137.69,111.73,Alberta
2020-03-06,138.06,166.25,120.2,Alberta
2020-03-07,122.41,147.99,89.16,Alberta
2020-03-08,93.44,105.24,73.97,Alberta
2020-03-09,103.81,125.48,101.34,Alberta
2020-03-10,107.17,126.92,103.31,Alberta
2020-03-11,107.63,125.49,100.92,Alberta
2020-03-12,103.63,116.47,92.41,Alberta
2020-03-13,101.91,112.36,82.22,Alberta
2020-03-14,81.57,102.27,59.99,Alberta
2020-03-15,64.27,77.32,47.6,Alberta
2020-03-16,74.04,93.08,54.31,Alberta
2020-03-17,71.05,85.72,51.37,Alberta
2020-03-18,66.47,77.0,41.43,Alberta
2020-03-19,65.6,77.02,35.64,Alberta
2020-03-20,71.75,86.1,36.3,Alberta
2020-03-21,58.36,70.61,28.33,Alberta
2020-03-22,47.04,63.02,25.65,Alberta
2020-03-23,57.42,72.01,29.05,Alberta
2020-03-24,54.45,70.35,25.87,Alberta
2020-03-25,56.6,70.8,26.18,Alberta
2020-03-26,57.64,72.1,24.57,Alberta
2020-03-27,64.55,81.62,25.88,Alberta
2020-03-28,50.84,62.64,20.63,Alberta
2020-03-29,43.41,57.72,20.53,Alberta
2020-03-30,52.98,62.5,24.64,Alberta
2020-03-31,51.44,62.79,22.62,Alberta
2020-04-01,54.5,63.94,24.1,Alberta
2020-04-02,54.72,62.21,22.9,Alberta
2020-04-03,61.52,66.85,22.16,Alberta
2020-04-04,52.45,66.91,20.8,Alberta
2020-04-05,40.68,50.54,18.36,Alberta
2020-04-06,54.79,71.25,23.77,Alberta
2020-04-07,56.11,71.99,22.65,Alberta
2020-04-08,60.42,77.49,23.94,Alberta
2020-04-09,70.82,89.2,23.79,Alberta
2020-04-10,55.69,70.15,19.24,Alberta
2020-04-11,53.84,66.69,18.84,Alberta
2020-04-12,40.21,49.96,16.95,Alberta
2020-04-13,55.87,68.58,21.8,Alberta
2020-04-14,61.12,72.33,22.92,Alberta
2020-04-15,64.22,75.93,22.59,Alberta
2020-04-16,68.94,90.26,23.08,Alberta
2020-04-17,75.07,90.44,22.43,Alberta
2020-04-18,66.11,85.28,21.99,Alberta
2020-04-19,56.76,80.98,22.19,Alberta
2020-04-20,70.98,101.69,26.59,Alberta
2020-04-21,72.86,102.02,26.84,Alberta
2020-04-22,73.84,96.46,25.06,Alberta
2020-04-23,77.02,96.78,25.45,Alberta
2020-04-24,87.03,110.04,28.18,Alberta
2020-04-25,75.02,97.01,24.48,Alberta
2020-04-26,61.85,82.01,24.5,Alberta
2020-04-27,76.64,93.49,27.58,Alberta
2020-04-28,81.82,110.1,29.83,Alberta
2020-04-29,83.83,115.26,29.54,Alberta
2020-04-30,86.03,104.68,28.48,Alberta
2020-05-01,99.03,128.2,30.57,Alberta
2020-05-02,88.04,122.03,29.92,Alberta
2020-05-03,67.72,88.22,26.79,Alberta
2020-05-04,79.88,95.81,31.14,Alberta
2020-05-05,91.54,122.48,32.18,Alberta
2020-05-06,94.05,120.2,32.07,Alberta
2020-05-07,91.89,118.19,31.12,Alberta
2020-05-08,102.7,124.52,33.13,Alberta
2020-05-09,95.52,125.91,30.13,Alberta
2020-05-10,71.73,93.73,25.76,Alberta
2020-05-13,102.06,139.0,33.56,Alberta
2020-05-14,106.71,134.33,35.27,Alberta
2020-05-15,122.93,154.94,36.94,Alberta
2020-05-16,108.51,149.26,37.64,Alberta
2020-05-17,89.96,127.73,33.9,Alberta
2020-05-18,90.3,123.39,35.6,Alberta
2020-05-19,102.72,137.95,38.35,Alberta
2020-05-20,105.52,138.67,38.17,Alberta
2020-05-21,97.81,118.85,32.22,Alberta
2020-05-22,112.13,140.75,35.69,Alberta
2020-05-23,109.86,148.27,36.15,Alberta
2020-05-24,99.31,138.32,38.86,Alberta
2020-05-25,109.01,150.48,43.33,Alberta
2020-05-26,109.36,143.46,42.47,Alberta
2020-05-27,116.54,151.71,42.93,Alberta
2020-05-28,120.8,159.96,42.8,Alberta
2020-05-29,136.11,174.6,45.67,Alberta
2020-05-30,125.7,171.26,43.01,Alberta
2020-05-31,93.46,112.54,35.95,Alberta
2020-06-01,116.45,159.35,50.37,Alberta
2020-06-02,119.78,165.42,48.26,Alberta
2020-06-03,121.66,165.23,49.05,Alberta
2020-06-04,122.91,158.93,46.46,Alberta
2020-06-05,142.85,192.06,51.07,Alberta
2020-06-06,118.8,159.74,41.82,Alberta
2020-06-07,89.54,109.26,37.13,Alberta
2020-06-08,116.11,151.67,47.87,Alberta
2020-06-09,123.39,169.02,51.84,Alberta
2020-06-10,132.17,180.56,52.47,Alberta
2020-06-11,135.4,180.19,52.16,Alberta
2020-06-12,151.3,196.24,54.88,Alberta
2020-06-13,131.33,167.08,47.37,Alberta
2020-06-14,109.03,132.22,45.06,Alberta
2020-06-15,128.58,169.71,54.67,Alberta
2020-06-16,132.41,177.14,55.43,Alberta
2020-06-17,128.44,162.57,49.6,Alberta
2020-06-18,139.98,182.87,54.65,Alberta
2020-06-19,164.0,211.54,57.77,Alberta
2020-06-20,148.31,197.99,52.63,Alberta
2020-06-21,113.25,130.5,43.69,Alberta
2020-06-22,141.46,188.47,60.12,Alberta
2020-06-23,142.82,187.53,56.94,Alberta
2020-06-24,141.91,183.48,56.63,Alberta
2020-06-25,154.37,199.96,59.12,Alberta
2020-06-26,166.86,203.85,59.63,Alberta
2020-06-27,140.93,177.01,50.98,Alberta
2020-06-28,114.37,134.38,45.6,Alberta
2020-06-29,139.53,176.24,60.47,Alberta
2020-06-30,143.06,175.84,52.81,Alberta
2020-07-01,129.65,173.28,51.58,Alberta
2020-07-02,155.01,189.16,60.44,Alberta
2020-07-03,177.75,220.56,60.15,Alberta
2020-07-04,149.07,198.07,51.65,Alberta
2020-07-05,135.04,156.3,48.16,Alberta
2020-07-06,147.08,190.17,60.46,Alberta
2020-07-07,142.18,181.51,57.28,Alberta
2020-07-08,142.7,179.2,56.81,Alberta
2020-07-09,157.62,201.73,59.71,Alberta
2020-07-10,180.78,227.42,61.87,Alberta
2020-07-11,168.48,219.64,57.99,Alberta
2020-07-12,138.03,158.31,50.5,Alberta
2020-07-13,148.69,182.1,60.49,Alberta
2020-07-14,153.44,199.13,62.18,Alberta
2020-07-15,154.83,197.57,58.91,Alberta
2020-07-16,158.71,193.51,57.97,Alberta
2020-07-17,175.27,217.08,59.41,Alberta
2020-07-18,159.73,211.36,52.69,Alberta
2020-07-19,133.08,146.35,47.35,Alberta
2020-07-20,154.62,197.73,60.67,Alberta
2020-07-21,152.56,194.01,59.85,Alberta
2020-07-22,155.55,196.39,61.88,Alberta
2020-07-23,155.84,188.68,56.0,Alberta
2020-07-24,172.93,205.76,56.89,Alberta
2020-07-25,158.63,208.42,55.16,Alberta
2020-07-26,144.43,167.37,50.17,Alberta
2020-07-27,157.42,197.8,60.84,Alberta
2020-07-28,160.41,203.47,60.4,Alberta
2020-07-29,162.36,200.21,60.96,Alberta
2020-07-30,166.64,200.66,61.2,Alberta
2020-07-31,191.69,212.43,62.16,Alberta
2020-08-01,159.29,203.87,54.2,Alberta
2020-08-02,143.21,176.7,47.84,Alberta
2020-08-03,139.13,150.65,50.26,Alberta
2020-08-04,159.53,198.34,65.0,Alberta
2020-08-05,166.36,207.12,63.32,Alberta
2020-08-06,168.59,202.45,63.94,Alberta
2020-08-07,173.3,206.57,56.68,Alberta
2020-08-08,159.19,205.47,53.75,Alberta
2020-08-09,143.86,166.09,50.57,Alberta
2020-08-10,159.24,196.08,63.0,Alberta
2020-08-11,155.21,192.16,61.65,Alberta
2020-08-12,159.49,196.95,61.51,Alberta
2020-08-13,165.99,204.79,61.54,Alberta
2020-08-14,186.32,224.18,65.16,Alberta
2020-08-15,169.4,221.04,56.19,Alberta
2020-08-16,151.71,174.25,54.05,Alberta
2020-08-17,161.38,200.5,62.66,Alberta
2020-08-18,164.25,208.09,66.34,Alberta
2020-08-19,162.62,206.19,67.75,Alberta
2020-08-20,167.25,203.77,65.32,Alberta
2020-08-21,186.49,226.41,66.11,Alberta
2020-08-22,162.18,211.58,57.16,Alberta
2020-08-23,143.6,166.72,52.91,Alberta
2020-08-24,155.09,192.14,66.25,Alberta
2020-08-25,158.15,203.16,69.29,Alberta
2020-08-26,160.87,205.55,70.99,Alberta
2020-08-27,165.17,207.41,69.18,Alberta
2020-08-28,184.03,228.57,71.93,Alberta
2020-08-29,159.2,206.97,58.99,Alberta
2020-08-30,137.77,163.72,60.3,Alberta
2020-08-31,152.36,198.27,77.6,Alberta
2020-09-01,155.74,200.87,83.31,Alberta
2020-09-02,149.74,196.02,84.55,Alberta
2020-09-03,158.23,204.18,85.5,Alberta
2020-09-04,188.21,234.81,83.63,Alberta
2020-09-05,163.9,218.85,64.34,Alberta
2020-09-06,126.56,156.12,52.27,Alberta
2020-09-07,124.48,141.62,63.9,Alberta
2020-09-08,143.9,185.0,87.67,Alberta
2020-09-09,146.85,196.06,83.41,Alberta
2020-09-10,151.91,197.84,79.48,Alberta
2020-09-11,173.49,222.93,80.06,Alberta
2020-09-12,154.59,210.13,63.28,Alberta
2020-09-13,121.08,142.05,53.85,Alberta
2020-09-14,135.54,167.03,74.42,Alberta
2020-09-15,138.82,168.39,72.65,Alberta
2020-09-16,142.03,179.08,75.08,Alberta
2020-09-17,147.68,187.14,75.04,Alberta
2020-09-18,171.54,219.19,80.96,Alberta
2020-09-19,153.28,210.77,63.54,Alberta
2020-09-20,121.13,153.07,57.05,Alberta
2020-09-21,131.68,167.58,73.42,Alberta
2020-09-22,132.75,173.75,71.4,Alberta
2020-09-23,133.98,169.98,69.91,Alberta
2020-09-24,140.2,178.63,71.85,Alberta
2020-09-25,160.13,206.19,75.44,Alberta
2020-09-26,149.71,202.71,64.53,Alberta
2020-09-27,116.81,141.13,53.26,Alberta
2020-09-28,126.42,161.17,67.78,Alberta
2020-09-29,129.78,173.67,70.56,Alberta
2020-09-30,132.04,164.91,70.03,Alberta
2020-10-01,138.34,174.06,69.39,Alberta
2020-10-02,159.32,211.64,75.62,Alberta
2020-10-03,150.1,210.14,65.11,Alberta
2020-10-04,113.02,134.8,52.62,Alberta
2020-10-05,123.06,159.06,68.14,Alberta
2020-10-06,125.06,158.57,69.17,Alberta
2020-10-07,126.83,161.4,67.16,Alberta
2020-10-08,133.48,164.81,66.53,Alberta
2020-10-09,154.81,186.11,68.78,Alberta
2020-10-10,129.27,168.01,60.27,Alberta
2020-10-11,92.59,121.41,46.6,Alberta
2020-10-12,92.24,100.47,46.07,Alberta
2020-10-13,123.49,148.27,64.2,Alberta
2020-10-14,122.45,158.51,65.36,Alberta
2020-10-15,130.35,163.6,64.3,Alberta
2020-10-16,139.83,170.92,64.98,Alberta
2020-10-17,126.76,167.13,55.84,Alberta
2020-10-18,96.07,118.12,48.05,Alberta
2020-10-19,115.81,142.81,63.98,Alberta
2020-10-20,119.72,153.17,66.13,Alberta
2020-10-21,116.24,144.65,63.25,Alberta
2020-10-22,119.83,147.2,59.41,Alberta
2020-10-23,137.72,169.21,66.35,Alberta
2020-10-24,120.98,153.39,52.74,Alberta
2020-10-25,94.57,112.05,48.8,Alberta
2020-10-26,110.73,136.38,61.44,Alberta
2020-10-27,116.52,144.11,63.58,Alberta
2020-10-28,116.27,143.65,61.07,Alberta
2020-10-29,121.92,153.81,63.17,Alberta
2020-10-30,139.78,178.78,63.61,Alberta
2020-10-31,122.45,186.61,59.87,Alberta
2020-11-01,92.94,119.15,46.96,Alberta
2020-11-02,109.67,142.81,62.09,Alberta
2020-11-03,109.93,147.36,60.71,Alberta
2020-11-04,109.75,141.46,61.87,Alberta
2020-01-13,100.0,100.0,100.0,Saskatchewan
2020-01-14,101.46,107.54,101.26,Saskatchewan
2020-01-15,101.63,105.58,92.2,Saskatchewan
2020-01-16,104.53,104.41,94.11,Saskatchewan
2020-01-17,129.53,131.96,86.22,Saskatchewan
2020-01-18,121.86,123.01,81.39,Saskatchewan
2020-01-19,98.42,85.69,72.43,Saskatchewan
2020-01-20,111.16,118.08,91.45,Saskatchewan
2020-01-21,111.91,125.19,103.12,Saskatchewan
2020-01-22,116.91,126.38,96.48,Saskatchewan
2020-01-23,119.82,124.1,106.44,Saskatchewan
2020-01-24,140.63,155.1,92.15,Saskatchewan
2020-01-25,133.93,157.55,80.23,Saskatchewan
2020-01-26,102.65,88.89,71.18,Saskatchewan
2020-01-27,108.11,114.06,101.16,Saskatchewan
2020-01-28,117.44,123.53,98.59,Saskatchewan
2020-01-29,116.98,116.89,97.59,Saskatchewan
2020-01-30,121.49,119.84,98.89,Saskatchewan
2020-01-31,144.65,143.69,92.71,Saskatchewan
2020-02-01,130.37,138.33,78.32,Saskatchewan
2020-02-02,100.31,89.21,64.59,Saskatchewan
2020-02-03,105.8,104.04,89.59,Saskatchewan
2020-02-04,112.86,110.39,92.66,Saskatchewan
2020-02-05,111.48,108.85,91.65,Saskatchewan
2020-02-06,117.49,112.77,94.06,Saskatchewan
2020-02-07,140.38,139.38,97.03,Saskatchewan
2020-02-08,136.58,146.14,76.71,Saskatchewan
2020-02-09,104.31,86.59,69.77,Saskatchewan
2020-02-10,108.72,98.83,88.33,Saskatchewan
2020-02-11,111.99,119.51,93.51,Saskatchewan
2020-02-12,112.0,101.64,84.51,Saskatchewan
2020-02-13,121.94,114.33,89.19,Saskatchewan
2020-02-14,151.6,147.28,86.77,Saskatchewan
2020-02-15,133.37,132.83,72.89,Saskatchewan
2020-02-16,104.71,101.56,65.79,Saskatchewan
2020-02-17,99.87,88.92,71.83,Saskatchewan
2020-02-18,116.65,114.98,83.45,Saskatchewan
2020-02-19,120.13,116.19,88.88,Saskatchewan
2020-02-20,129.49,137.71,84.0,Saskatchewan
2020-02-21,141.05,152.42,82.8,Saskatchewan
2020-02-22,128.57,138.16,75.7,Saskatchewan
2020-02-23,106.1,91.25,63.88,Saskatchewan
2020-02-24,108.59,114.26,90.29,Saskatchewan
2020-02-25,114.71,112.37,87.37,Saskatchewan
2020-02-26,116.6,126.78,92.25,Saskatchewan
2020-02-27,119.71,120.8,85.06,Saskatchewan
2020-02-28,146.91,160.43,90.39,Saskatchewan
2020-02-29,145.43,148.57,83.75,Saskatchewan
2020-03-01,103.07,86.46,62.02,Saskatchewan
2020-03-02,109.47,113.24,93.01,Saskatchewan
2020-03-03,113.38,125.69,88.48,Saskatchewan
2020-03-04,117.05,115.77,95.07,Saskatchewan
2020-03-05,121.05,121.75,98.99,Saskatchewan
2020-03-06,143.59,157.65,101.11,Saskatchewan
2020-03-07,125.87,130.85,83.9,Saskatchewan
2020-03-08,100.89,88.0,65.44,Saskatchewan
2020-03-09,113.66,116.29,90.34,Saskatchewan
2020-03-10,112.57,123.68,90.29,Saskatchewan
2020-03-11,114.13,118.62,87.37,Saskatchewan
2020-03-12,112.14,115.47,88.53,Saskatchewan
2020-03-13,119.52,119.12,82.55,Saskatchewan
2020-03-14,97.78,99.88,67.15,Saskatchewan
2020-03-15,75.52,66.25,49.09,Saskatchewan
2020-03-16,83.85,85.74,65.09,Saskatchewan
2020-03-17,84.72,85.74,53.12,Saskatchewan
2020-03-18,83.24,85.3,52.46,Saskatchewan
2020-03-19,80.03,79.25,45.88,Saskatchewan
2020-03-20,84.25,80.21,42.86,Saskatchewan
2020-03-21,66.1,68.71,34.21,Saskatchewan
2020-03-22,52.08,57.4,28.92,Saskatchewan
2020-03-23,65.35,74.09,36.47,Saskatchewan
2020-03-24,61.13,60.72,32.39,Saskatchewan
2020-03-25,63.97,61.62,28.92,Saskatchewan
2020-03-26,66.83,68.63,28.97,Saskatchewan
2020-03-27,70.82,81.06,29.83,Saskatchewan
2020-03-28,60.68,68.86,33.85,Saskatchewan
2020-03-29,50.98,56.34,30.18,Saskatchewan
2020-03-30,64.94,72.08,35.51,Saskatchewan
2020-03-31,62.01,65.19,26.71,Saskatchewan
2020-04-01,61.78,66.15,27.97,Saskatchewan
2020-04-02,64.12,67.1,27.67,Saskatchewan
2020-04-03,73.42,81.3,34.61,Saskatchewan
2020-04-04,56.04,54.48,26.46,Saskatchewan
2020-04-05,48.2,44.46,19.87,Saskatchewan
2020-04-06,59.98,63.58,28.57,Saskatchewan
2020-04-07,66.63,69.28,28.87,Saskatchewan
2020-04-08,69.18,68.93,26.36,Saskatchewan
2020-04-09,79.45,88.52,33.3,Saskatchewan
2020-04-10,61.34,69.33,28.37,Saskatchewan
2020-04-11,61.83,61.1,26.36,Saskatchewan
2020-04-12,43.88,43.62,19.97,Saskatchewan
2020-04-13,64.26,62.04,36.47,Saskatchewan
2020-04-14,72.64,77.06,30.53,Saskatchewan
2020-04-15,81.17,80.26,28.62,Saskatchewan
2020-04-16,81.08,82.17,29.07,Saskatchewan
2020-04-17,89.49,95.24,33.7,Saskatchewan
2020-04-18,72.79,79.2,28.72,Saskatchewan
2020-04-19,61.58,67.69,28.17,Saskatchewan
2020-04-20,81.22,90.63,27.82,Saskatchewan
2020-04-21,85.71,107.56,39.64,Saskatchewan
2020-04-22,86.44,103.79,30.33,Saskatchewan
2020-04-23,88.65,104.44,36.57,Saskatchewan
2020-04-24,95.43,112.89,35.46,Saskatchewan
2020-04-25,84.61,99.98,33.0,Saskatchewan
2020-04-26,66.47,65.88,30.99,Saskatchewan
2020-04-27,91.09,106.35,35.31,Saskatchewan
2020-04-28,92.1,111.53,38.38,Saskatchewan
2020-04-29,98.79,118.55,37.88,Saskatchewan
2020-04-30,103.94,122.17,39.84,Saskatchewan
2020-05-01,109.5,119.46,38.98,Saskatchewan
2020-05-02,91.37,98.93,34.81,Saskatchewan
2020-05-03,75.75,76.94,31.14,Saskatchewan
2020-05-04,97.79,108.93,37.73,Saskatchewan
2020-05-05,104.65,130.45,44.22,Saskatchewan
2020-05-06,109.21,129.63,44.42,Saskatchewan
2020-05-07,110.47,134.76,36.47,Saskatchewan
2020-05-08,114.38,121.37,34.36,Saskatchewan
2020-05-09,98.83,96.93,31.84,Saskatchewan
2020-05-10,81.9,87.26,31.34,Saskatchewan
2020-05-13,115.7,136.35,36.92,Saskatchewan
2020-05-14,123.88,138.98,39.89,Saskatchewan
2020-05-15,137.56,150.21,43.41,Saskatchewan
2020-05-16,110.86,121.8,42.71,Saskatchewan
2020-05-17,91.86,93.85,35.66,Saskatchewan
2020-05-18,100.47,112.65,38.43,Saskatchewan
2020-05-19,130.61,171.91,54.88,Saskatchewan
2020-05-20,127.25,142.3,51.61,Saskatchewan
2020-05-21,129.75,151.97,50.55,Saskatchewan
2020-05-22,144.65,159.83,43.71,Saskatchewan
2020-05-23,119.59,133.08,44.01,Saskatchewan
2020-05-24,103.26,108.6,41.45,Saskatchewan
2020-05-25,132.08,152.14,53.47,Saskatchewan
2020-05-26,128.15,144.81,41.45,Saskatchewan
2020-05-27,131.02,146.86,42.96,Saskatchewan
2020-05-28,138.39,153.63,48.19,Saskatchewan
2020-05-29,148.7,160.1,51.11,Saskatchewan
2020-05-30,123.82,144.58,59.76,Saskatchewan
2020-05-31,104.35,109.7,37.78,Saskatchewan
2020-06-01,127.35,157.77,49.04,Saskatchewan
2020-06-02,137.02,169.2,49.55,Saskatchewan
2020-06-03,134.54,146.57,44.11,Saskatchewan
2020-06-04,138.2,169.48,47.84,Saskatchewan
2020-06-05,158.91,173.99,45.37,Saskatchewan
2020-06-06,114.0,114.16,37.93,Saskatchewan
2020-06-07,103.68,101.12,37.98,Saskatchewan
2020-06-08,133.25,156.24,50.6,Saskatchewan
2020-06-09,136.87,167.69,52.11,Saskatchewan
2020-06-10,147.67,170.02,46.68,Saskatchewan
2020-06-11,157.41,175.15,53.12,Saskatchewan
2020-06-12,169.21,191.87,56.74,Saskatchewan
2020-06-13,137.84,151.67,44.62,Saskatchewan
2020-06-14,114.73,124.7,40.44,Saskatchewan
2020-06-15,146.57,164.84,55.84,Saskatchewan
2020-06-16,144.6,159.39,53.67,Saskatchewan
2020-06-17,146.94,156.06,42.81,Saskatchewan
2020-06-18,151.67,161.54,50.8,Saskatchewan
2020-06-19,170.21,180.63,48.04,Saskatchewan
2020-06-20,145.38,155.22,40.74,Saskatchewan
2020-06-21,118.32,115.27,40.19,Saskatchewan
2020-06-22,157.95,179.62,62.27,Saskatchewan
2020-06-23,167.15,200.62,65.14,Saskatchewan
2020-06-24,167.29,186.29,58.65,Saskatchewan
2020-06-25,174.0,203.12,60.81,Saskatchewan
2020-06-26,196.63,210.98,64.24,Saskatchewan
2020-06-27,156.71,170.54,53.47,Saskatchewan
2020-06-28,135.64,136.62,46.38,Saskatchewan
2020-06-29,163.44,179.97,63.38,Saskatchewan
2020-06-30,172.85,181.5,59.81,Saskatchewan
2020-07-01,155.76,160.28,57.49,Saskatchewan
2020-07-02,176.56,189.36,59.51,Saskatchewan
2020-07-03,189.39,206.35,64.03,Saskatchewan
2020-07-04,164.15,170.17,58.75,Saskatchewan
2020-07-05,157.44,145.82,52.82,Saskatchewan
2020-07-06,178.91,197.12,64.24,Saskatchewan
2020-07-07,176.7,202.5,60.51,Saskatchewan
2020-07-08,177.23,199.8,52.52,Saskatchewan
2020-07-09,185.08,209.1,60.92,Saskatchewan
2020-07-10,204.02,205.7,57.55,Saskatchewan
2020-07-11,176.03,189.02,54.07,Saskatchewan
2020-07-12,153.4,147.43,54.68,Saskatchewan
2020-07-13,174.61,179.42,56.89,Saskatchewan
2020-07-14,175.72,189.14,54.98,Saskatchewan
2020-07-15,183.78,195.16,58.85,Saskatchewan
2020-07-16,193.74,212.3,60.31,Saskatchewan
2020-07-17,208.96,216.14,59.96,Saskatchewan
2020-07-18,168.46,176.27,52.77,Saskatchewan
2020-07-19,158.72,147.09,50.86,Saskatchewan
2020-07-20,180.74,192.12,54.73,Saskatchewan
2020-07-21,179.73,204.19,62.68,Saskatchewan
2020-07-22,188.4,186.66,59.15,Saskatchewan
2020-07-23,188.88,196.18,56.99,Saskatchewan
2020-07-24,210.42,205.18,68.01,Saskatchewan
2020-07-25,172.22,180.71,57.14,Saskatchewan
2020-07-26,162.32,146.47,48.79,Saskatchewan
2020-07-27,185.0,198.12,64.19,Saskatchewan
2020-07-28,188.99,199.23,59.86,Saskatchewan
2020-07-29,193.0,211.95,60.16,Saskatchewan
2020-07-30,204.49,229.28,70.12,Saskatchewan
2020-07-31,217.21,225.07,61.27,Saskatchewan
2020-08-01,177.22,179.02,62.88,Saskatchewan
2020-08-02,152.97,130.3,51.91,Saskatchewan
2020-08-03,171.61,133.82,58.5,Saskatchewan
2020-08-04,185.77,198.31,60.31,Saskatchewan
2020-08-05,200.43,213.54,60.76,Saskatchewan
2020-08-06,204.87,215.3,66.45,Saskatchewan
2020-08-07,221.42,231.66,64.08,Saskatchewan
2020-08-08,188.84,195.09,51.61,Saskatchewan
2020-08-09,161.78,145.05,47.23,Saskatchewan
2020-08-10,191.33,190.75,56.29,Saskatchewan
2020-08-11,187.09,194.2,57.7,Saskatchewan
2020-08-12,187.22,183.66,55.68,Saskatchewan
2020-08-13,196.63,208.55,58.35,Saskatchewan
2020-08-14,212.59,221.7,63.93,Saskatchewan
2020-08-15,186.31,198.49,55.43,Saskatchewan
2020-08-16,164.62,142.28,51.21,Saskatchewan
2020-08-17,188.14,202.08,57.85,Saskatchewan
2020-08-18,187.92,192.73,56.34,Saskatchewan
2020-08-19,191.75,198.61,54.93,Saskatchewan
2020-08-20,199.36,209.84,55.58,Saskatchewan
2020-08-21,213.81,226.73,54.83,Saskatchewan
2020-08-22,182.24,192.46,56.29,Saskatchewan
2020-08-23,160.89,154.0,48.79,Saskatchewan
2020-08-24,181.55,197.4,53.82,Saskatchewan
2020-08-25,181.19,193.95,51.76,Saskatchewan
2020-08-26,183.89,204.66,59.91,Saskatchewan
2020-08-27,183.77,199.98,51.36,Saskatchewan
2020-08-28,208.71,242.18,59.71,Saskatchewan
2020-08-29,185.08,212.74,52.87,Saskatchewan
2020-08-30,149.39,146.69,47.94,Saskatchewan
2020-08-31,175.67,193.26,56.84,Saskatchewan
2020-09-01,174.57,199.45,61.87,Saskatchewan
2020-09-02,165.01,182.2,58.4,Saskatchewan
2020-09-03,180.46,209.74,58.05,Saskatchewan
2020-09-04,216.04,237.91,60.36,Saskatchewan
2020-09-05,179.46,220.63,51.16,Saskatchewan
2020-09-06,145.05,151.9,38.48,Saskatchewan
2020-09-07,145.8,130.67,55.94,Saskatchewan
2020-09-08,161.32,191.54,66.05,Saskatchewan
2020-09-09,162.48,192.86,68.61,Saskatchewan
2020-09-10,171.43,208.48,67.3,Saskatchewan
2020-09-11,192.77,241.16,68.91,Saskatchewan
2020-09-12,172.76,227.03,50.7,Saskatchewan
2020-09-13,138.16,143.34,48.04,Saskatchewan
2020-09-14,153.33,176.37,67.66,Saskatchewan
2020-09-15,157.94,186.24,66.8,Saskatchewan
2020-09-16,162.54,187.38,67.1,Saskatchewan
2020-09-17,166.48,192.71,70.22,Saskatchewan
2020-09-18,191.47,233.82,72.18,Saskatchewan
2020-09-19,173.31,225.79,59.91,Saskatchewan
2020-09-20,131.82,148.0,56.99,Saskatchewan
2020-09-21,150.36,190.08,75.1,Saskatchewan
2020-09-22,154.94,183.49,74.04,Saskatchewan
2020-09-23,148.65,187.01,62.07,Saskatchewan
2020-09-24,156.47,193.18,72.33,Saskatchewan
2020-09-25,176.05,211.88,62.58,Saskatchewan
2020-09-26,154.03,190.28,51.41,Saskatchewan
2020-09-27,127.54,136.37,50.2,Saskatchewan
2020-09-28,143.54,163.77,60.51,Saskatchewan
2020-09-29,148.52,186.49,61.87,Saskatchewan
2020-09-30,148.27,171.63,56.54,Saskatchewan
2020-10-01,153.6,188.37,62.42,Saskatchewan
2020-10-02,170.02,224.03,55.08,Saskatchewan
2020-10-03,154.29,212.35,49.2,Saskatchewan
2020-10-04,122.78,136.18,46.93,Saskatchewan
2020-10-05,139.24,176.49,64.24,Saskatchewan
2020-10-06,142.07,171.96,58.9,Saskatchewan
2020-10-07,147.8,170.25,59.1,Saskatchewan
2020-10-08,153.58,185.49,57.29,Saskatchewan
2020-10-09,177.09,187.7,53.27,Saskatchewan
2020-10-10,136.49,163.63,48.09,Saskatchewan
2020-10-11,97.9,106.67,38.03,Saskatchewan
2020-10-12,111.35,104.59,50.5,Saskatchewan
2020-10-13,137.46,155.74,66.15,Saskatchewan
2020-10-14,142.78,176.72,65.19,Saskatchewan
2020-10-15,146.33,165.31,71.78,Saskatchewan
2020-10-16,161.82,190.33,59.1,Saskatchewan
2020-10-17,139.94,169.48,52.41,Saskatchewan
2020-10-18,112.51,116.24,48.69,Saskatchewan
2020-10-19,135.05,150.63,61.92,Saskatchewan
2020-10-20,137.91,157.45,77.26,Saskatchewan
2020-10-21,136.42,160.25,58.05,Saskatchewan
2020-10-22,137.13,160.87,54.88,Saskatchewan
2020-10-23,157.18,176.59,61.37,Saskatchewan
2020-10-24,134.39,163.3,45.32,Saskatchewan
2020-10-25,104.53,117.43,39.74,Saskatchewan
2020-10-26,137.44,218.18,51.86,Saskatchewan
2020-10-27,125.07,147.19,49.25,Saskatchewan
2020-10-28,127.62,147.98,58.3,Saskatchewan
2020-10-29,136.62,164.44,59.36,Saskatchewan
2020-10-30,149.51,181.48,57.49,Saskatchewan
2020-10-31,121.58,178.18,40.24,Saskatchewan
2020-11-01,95.32,117.95,39.94,Saskatchewan
2020-11-02,120.59,147.04,53.62,Saskatchewan
2020-11-03,122.75,146.22,57.09,Saskatchewan
2020-11-04,120.71,149.49,53.72,Saskatchewan
2020-01-13,100.0,100.0,100.0,Manitoba
2020-01-14,107.55,97.29,109.93,Manitoba
2020-01-15,109.64,96.39,99.91,Manitoba
2020-01-16,107.11,89.29,93.14,Manitoba
2020-01-17,131.0,116.28,94.26,Manitoba
2020-01-18,109.71,100.64,79.58,Manitoba
2020-01-19,89.53,75.65,68.51,Manitoba
2020-01-20,106.51,93.34,100.02,Manitoba
2020-01-21,106.7,97.27,101.27,Manitoba
2020-01-22,109.34,105.63,94.07,Manitoba
2020-01-23,109.93,103.77,94.98,Manitoba
2020-01-24,130.33,119.79,94.41,Manitoba
2020-01-25,123.83,116.18,80.54,Manitoba
2020-01-26,90.02,80.43,65.33,Manitoba
2020-01-27,100.22,94.43,100.95,Manitoba
2020-01-28,103.73,97.29,96.06,Manitoba
2020-01-29,107.86,102.75,98.6,Manitoba
2020-01-30,115.92,113.85,101.0,Manitoba
2020-01-31,141.2,136.72,107.86,Manitoba
2020-02-01,124.92,125.38,82.87,Manitoba
2020-02-02,93.63,84.44,68.0,Manitoba
2020-02-03,100.84,94.91,91.64,Manitoba
2020-02-04,103.8,106.16,97.9,Manitoba
2020-02-05,105.22,98.33,92.35,Manitoba
2020-02-06,109.09,103.37,93.9,Manitoba
2020-02-07,129.5,114.77,97.21,Manitoba
2020-02-08,126.22,117.85,80.22,Manitoba
2020-02-09,94.19,80.24,71.69,Manitoba
2020-02-10,101.58,93.59,97.25,Manitoba
2020-02-11,106.51,105.75,98.98,Manitoba
2020-02-12,106.09,93.18,82.46,Manitoba
2020-02-13,113.24,93.98,91.89,Manitoba
2020-02-14,145.13,134.68,101.67,Manitoba
2020-02-15,131.32,122.38,84.52,Manitoba
2020-02-16,105.88,96.05,71.05,Manitoba
2020-02-17,89.34,75.74,82.21,Manitoba
2020-02-18,110.54,104.27,95.53,Manitoba
2020-02-19,110.5,103.77,98.03,Manitoba
2020-02-20,120.04,118.04,95.15,Manitoba
2020-02-21,137.84,138.58,101.23,Manitoba
2020-02-22,133.71,137.04,84.24,Manitoba
2020-02-23,96.52,86.61,70.05,Manitoba
2020-02-24,103.92,102.5,93.58,Manitoba
2020-02-25,106.78,97.25,95.79,Manitoba
2020-02-26,113.03,109.36,94.11,Manitoba
2020-02-27,115.95,119.51,94.45,Manitoba
2020-02-28,139.51,124.1,100.49,Manitoba
2020-02-29,138.34,125.49,86.34,Manitoba
2020-03-01,99.84,82.61,68.79,Manitoba
2020-03-02,105.47,96.68,99.51,Manitoba
2020-03-03,109.9,111.59,103.01,Manitoba
2020-03-04,110.02,108.77,101.76,Manitoba
2020-03-05,114.34,114.16,99.43,Manitoba
2020-03-06,144.26,136.49,105.76,Manitoba
2020-03-07,136.1,132.8,94.75,Manitoba
2020-03-08,95.14,82.57,69.97,Manitoba
2020-03-09,103.39,102.81,91.19,Manitoba
2020-03-10,107.04,104.62,95.76,Manitoba
2020-03-11,108.41,107.02,97.25,Manitoba
2020-03-12,107.1,106.42,94.81,Manitoba
2020-03-13,112.86,109.28,86.83,Manitoba
2020-03-14,95.05,95.1,65.27,Manitoba
2020-03-15,66.61,59.66,51.38,Manitoba
2020-03-16,74.94,74.8,63.68,Manitoba
2020-03-17,74.9,68.84,53.75,Manitoba
2020-03-18,70.42,66.5,52.39,Manitoba
2020-03-19,71.23,68.86,42.69,Manitoba
2020-03-20,80.94,72.52,43.18,Manitoba
2020-03-21,62.8,63.67,33.88,Manitoba
2020-03-22,48.57,45.14,27.55,Manitoba
2020-03-23,60.69,66.01,31.32,Manitoba
2020-03-24,59.33,54.92,27.95,Manitoba
2020-03-25,60.49,64.31,32.32,Manitoba
2020-03-26,61.54,59.0,27.36,Manitoba
2020-03-27,72.78,77.3,33.04,Manitoba
2020-03-28,62.76,67.78,27.34,Manitoba
2020-03-29,50.13,54.73,25.22,Manitoba
2020-03-30,64.63,75.44,26.2,Manitoba
2020-03-31,67.35,71.23,27.38,Manitoba
2020-04-01,63.32,62.75,25.77,Manitoba
2020-04-02,50.35,46.3,22.96,Manitoba
2020-04-03,58.72,55.85,26.34,Manitoba
2020-04-04,56.28,53.04,26.01,Manitoba
2020-04-05,45.36,46.96,22.07,Manitoba
2020-04-06,60.58,63.64,25.14,Manitoba
2020-04-07,62.65,64.52,26.13,Manitoba
2020-04-08,65.14,67.07,23.42,Manitoba
2020-04-09,79.75,72.0,29.39,Manitoba
2020-04-10,60.69,64.15,23.59,Manitoba
2020-04-11,63.96,62.24,26.47,Manitoba
2020-04-12,44.73,42.08,25.01,Manitoba
2020-04-13,60.34,55.29,30.9,Manitoba
2020-04-14,67.36,63.53,30.62,Manitoba
2020-04-15,72.43,66.82,28.99,Manitoba
2020-04-16,73.13,73.06,29.25,Manitoba
2020-04-17,84.64,82.24,29.95,Manitoba
2020-04-18,70.85,65.23,25.75,Manitoba
2020-04-19,58.41,54.01,25.56,Manitoba
2020-04-20,71.76,63.27,31.09,Manitoba
2020-04-21,74.15,67.35,26.85,Manitoba
2020-04-22,79.79,87.48,32.74,Manitoba
2020-04-23,84.23,91.57,30.45,Manitoba
2020-04-24,93.06,92.12,36.43,Manitoba
2020-04-25,76.47,70.81,28.14,Manitoba
2020-04-26,66.29,69.02,25.79,Manitoba
2020-04-27,83.28,99.44,34.8,Manitoba
2020-04-28,83.56,82.2,35.07,Manitoba
2020-04-29,92.0,103.03,37.78,Manitoba
2020-04-30,94.78,105.89,38.76,Manitoba
2020-05-01,98.49,102.3,37.19,Manitoba
2020-05-02,87.63,80.14,35.24,Manitoba
2020-05-03,74.11,75.5,38.01,Manitoba
2020-05-04,89.46,95.18,42.84,Manitoba
2020-05-05,97.4,101.44,39.48,Manitoba
2020-05-06,99.99,107.56,41.36,Manitoba
2020-05-07,102.14,99.82,39.48,Manitoba
2020-05-08,115.87,113.39,39.2,Manitoba
2020-05-09,102.13,93.47,37.0,Manitoba
2020-05-10,80.07,68.68,32.57,Manitoba
2020-05-13,101.45,93.31,37.5,Manitoba
2020-05-14,108.81,101.53,37.25,Manitoba
2020-05-15,132.28,136.01,43.56,Manitoba
2020-05-16,111.81,107.87,38.54,Manitoba
2020-05-17,100.37,103.71,38.9,Manitoba
2020-05-18,99.76,105.06,39.45,Manitoba
2020-05-19,119.47,130.07,46.87,Manitoba
2020-05-20,132.47,146.41,45.09,Manitoba
2020-05-21,126.35,135.75,44.75,Manitoba
2020-05-22,144.05,143.44,45.17,Manitoba
2020-05-23,120.37,123.45,45.34,Manitoba
2020-05-24,94.15,85.31,38.65,Manitoba
2020-05-25,124.49,140.2,47.56,Manitoba
2020-05-26,123.58,127.05,47.69,Manitoba
2020-05-27,132.41,137.97,48.18,Manitoba
2020-05-28,129.41,120.18,44.56,Manitoba
2020-05-29,144.26,144.63,48.52,Manitoba
2020-05-30,128.89,128.88,47.12,Manitoba
2020-05-31,109.97,109.39,45.51,Manitoba
2020-06-01,131.41,143.36,54.74,Manitoba
2020-06-02,133.08,140.05,56.67,Manitoba
2020-06-03,139.84,145.75,55.67,Manitoba
2020-06-04,142.44,152.05,52.39,Manitoba
2020-06-05,158.08,188.81,61.39,Manitoba
2020-06-06,130.83,130.65,49.2,Manitoba
2020-06-07,102.19,94.83,46.89,Manitoba
2020-06-08,129.82,137.45,56.67,Manitoba
2020-06-09,132.89,122.72,53.85,Manitoba
2020-06-10,140.16,145.21,60.1,Manitoba
2020-06-11,146.91,151.74,60.48,Manitoba
2020-06-12,169.51,166.08,58.26,Manitoba
2020-06-13,152.3,152.99,53.24,Manitoba
2020-06-14,123.57,117.55,49.96,Manitoba
2020-06-15,144.46,146.11,67.81,Manitoba
2020-06-16,145.75,148.32,58.37,Manitoba
2020-06-17,145.85,144.02,60.76,Manitoba
2020-06-18,151.55,142.32,61.14,Manitoba
2020-06-19,177.65,178.25,61.65,Manitoba
2020-06-20,148.75,145.91,50.15,Manitoba
2020-06-21,116.18,105.11,49.49,Manitoba
2020-06-22,149.45,160.56,61.58,Manitoba
2020-06-23,155.31,165.0,63.58,Manitoba
2020-06-24,163.32,167.57,65.31,Manitoba
2020-06-25,164.67,164.5,63.17,Manitoba
2020-06-26,191.93,195.55,67.49,Manitoba
2020-06-27,169.23,158.58,57.45,Manitoba
2020-06-28,139.77,116.05,52.94,Manitoba
2020-06-29,169.01,167.52,67.41,Manitoba
2020-06-30,179.02,179.55,64.08,Manitoba
2020-07-01,155.38,146.72,55.49,Manitoba
2020-07-02,174.19,172.95,67.43,Manitoba
2020-07-03,188.31,182.21,71.69,Manitoba
2020-07-04,147.7,139.19,58.92,Manitoba
2020-07-05,139.01,124.15,57.9,Manitoba
2020-07-06,169.78,188.22,71.43,Manitoba
2020-07-07,173.17,171.14,81.39,Manitoba
2020-07-08,179.65,177.12,73.27,Manitoba
2020-07-09,183.53,172.24,72.15,Manitoba
2020-07-10,199.98,203.24,73.38,Manitoba
2020-07-11,175.81,171.75,60.16,Manitoba
2020-07-12,149.61,125.99,55.29,Manitoba
2020-07-13,156.85,140.15,67.79,Manitoba
2020-07-14,176.92,178.71,76.41,Manitoba
2020-07-15,177.16,171.73,74.44,Manitoba
2020-07-16,184.59,177.03,72.49,Manitoba
2020-07-17,197.18,180.33,64.93,Manitoba
2020-07-18,174.89,163.14,59.81,Manitoba
2020-07-19,148.79,123.97,56.4,Manitoba
2020-07-20,170.78,170.19,75.31,Manitoba
2020-07-21,172.93,168.69,71.64,Manitoba
2020-07-22,177.38,176.02,71.88,Manitoba
2020-07-23,177.96,167.46,71.35,Manitoba
2020-07-24,191.94,179.74,70.23,Manitoba
2020-07-25,172.26,163.77,61.06,Manitoba
2020-07-26,150.67,118.99,53.94,Manitoba
2020-07-27,169.19,164.1,70.2,Manitoba
2020-07-28,176.72,169.72,72.0,Manitoba
2020-07-29,185.17,177.3,71.85,Manitoba
2020-07-30,188.38,178.63,74.21,Manitoba
2020-07-31,198.21,183.35,65.82,Manitoba
2020-08-01,168.86,158.12,55.48,Manitoba
2020-08-02,146.27,121.16,55.95,Manitoba
2020-08-03,145.56,120.02,62.37,Manitoba
2020-08-04,178.26,167.7,77.11,Manitoba
2020-08-05,190.26,179.13,77.09,Manitoba
2020-08-06,190.95,182.58,73.78,Manitoba
2020-08-07,207.98,184.54,73.25,Manitoba
2020-08-08,184.75,171.86,67.72,Manitoba
2020-08-09,148.25,120.13,60.82,Manitoba
2020-08-10,176.0,161.2,73.13,Manitoba
2020-08-11,178.16,169.56,72.34,Manitoba
2020-08-12,177.3,171.01,68.32,Manitoba
2020-08-13,172.23,149.78,66.35,Manitoba
2020-08-14,190.15,158.82,64.3,Manitoba
2020-08-15,171.7,158.56,63.6,Manitoba
2020-08-16,152.69,128.16,58.51,Manitoba
2020-08-17,167.22,158.45,73.36,Manitoba
2020-08-18,173.08,156.8,72.81,Manitoba
2020-08-19,174.28,165.81,74.12,Manitoba
2020-08-20,184.41,174.28,74.9,Manitoba
2020-08-21,196.57,178.7,71.58,Manitoba
2020-08-22,164.59,157.47,62.14,Manitoba
2020-08-23,140.35,122.51,61.54,Manitoba
2020-08-24,165.8,158.6,69.8,Manitoba
2020-08-25,166.97,172.15,72.6,Manitoba
2020-08-26,170.92,179.74,71.71,Manitoba
2020-08-27,175.48,180.7,74.93,Manitoba
2020-08-28,190.09,180.96,70.03,Manitoba
2020-08-29,163.36,165.56,61.01,Manitoba
2020-08-30,119.81,100.22,51.71,Manitoba
2020-08-31,159.93,156.56,75.29,Manitoba
2020-09-01,164.2,164.75,76.81,Manitoba
2020-09-02,164.66,160.64,71.71,Manitoba
2020-09-03,173.95,187.86,77.02,Manitoba
2020-09-04,193.7,195.99,77.79,Manitoba
2020-09-05,160.29,162.56,68.64,Manitoba
2020-09-06,127.44,119.46,59.91,Manitoba
2020-09-07,122.16,115.43,65.01,Manitoba
2020-09-08,155.29,169.34,88.86,Manitoba
2020-09-09,153.37,162.9,89.31,Manitoba
2020-09-10,160.18,165.21,80.2,Manitoba
2020-09-11,180.68,179.5,77.07,Manitoba
2020-09-12,164.28,176.79,68.93,Manitoba
2020-09-13,125.59,110.53,58.62,Manitoba
2020-09-14,143.78,140.99,80.85,Manitoba
2020-09-15,148.82,151.61,80.54,Manitoba
2020-09-16,151.49,155.95,82.19,Manitoba
2020-09-17,155.97,159.61,82.95,Manitoba
2020-09-18,178.02,186.71,82.15,Manitoba
2020-09-19,162.07,178.81,67.89,Manitoba
2020-09-20,123.68,115.7,63.98,Manitoba
2020-09-21,139.0,135.8,77.53,Manitoba
2020-09-22,143.71,159.06,80.73,Manitoba
2020-09-23,138.56,143.97,74.35,Manitoba
2020-09-24,144.22,148.5,72.64,Manitoba
2020-09-25,165.85,169.32,77.78,Manitoba
2020-09-26,149.6,153.12,67.15,Manitoba
2020-09-27,111.04,100.59,52.52,Manitoba
2020-09-28,126.78,125.43,67.58,Manitoba
2020-09-29,132.11,136.94,70.58,Manitoba
2020-09-30,130.88,129.52,70.03,Manitoba
2020-10-01,134.13,133.46,68.62,Manitoba
2020-10-02,150.72,149.65,68.13,Manitoba
2020-10-03,135.87,138.74,61.46,Manitoba
2020-10-04,104.48,92.74,50.87,Manitoba
2020-10-05,124.02,128.08,75.1,Manitoba
2020-10-06,126.8,131.98,69.57,Manitoba
2020-10-07,128.97,129.81,69.06,Manitoba
2020-10-08,134.56,131.45,69.4,Manitoba
2020-10-09,153.5,151.98,70.29,Manitoba
2020-10-10,123.63,119.34,60.74,Manitoba
2020-10-11,88.9,81.38,49.62,Manitoba
2020-10-12,85.69,82.97,55.15,Manitoba
2020-10-13,124.05,129.28,66.79,Manitoba
2020-10-14,121.83,119.6,62.68,Manitoba
2020-10-15,129.46,129.83,72.07,Manitoba
2020-10-16,144.29,131.58,68.08,Manitoba
2020-10-17,127.3,121.61,56.74,Manitoba
2020-10-18,92.16,78.86,53.09,Manitoba
2020-10-19,114.37,110.39,65.16,Manitoba
2020-10-20,121.03,110.45,67.66,Manitoba
2020-10-21,118.65,115.19,62.9,Manitoba
2020-10-22,123.57,118.72,63.32,Manitoba
2020-10-23,142.26,130.2,63.55,Manitoba
2020-10-24,121.85,113.81,57.94,Manitoba
2020-10-25,90.22,78.31,48.69,Manitoba
2020-10-26,111.11,112.07,63.85,Manitoba
2020-10-27,112.22,108.49,65.59,Manitoba
2020-10-28,113.65,112.38,62.24,Manitoba
2020-10-29,119.42,110.58,62.22,Manitoba
2020-10-30,130.45,124.16,57.56,Manitoba
2020-10-31,99.6,102.05,49.87,Manitoba
2020-11-01,77.19,81.23,48.2,Manitoba
2020-11-02,99.44,112.63,57.05,Manitoba
2020-11-03,103.4,118.48,58.73,Manitoba
2020-11-04,101.02,114.21,55.13,Manitoba
2020-01-13,100.0,100.0,100.0,Nova Scotia
2020-01-14,103.05,106.01,105.35,Nova Scotia
2020-01-15,107.57,108.02,97.39,Nova Scotia
2020-01-16,93.3,97.78,102.05,Nova Scotia
2020-01-17,113.21,109.71,118.78,Nova Scotia
2020-01-18,124.91,129.62,110.13,Nova Scotia
2020-01-19,62.17,65.45,70.41,Nova Scotia
2020-01-20,98.38,99.8,98.79,Nova Scotia
2020-01-21,102.42,103.35,102.77,Nova Scotia
2020-01-22,106.71,111.58,93.81,Nova Scotia
2020-01-23,112.16,114.87,102.77,Nova Scotia
2020-01-24,127.9,139.97,121.87,Nova Scotia
2020-01-25,131.74,150.75,103.7,Nova Scotia
2020-01-26,90.64,78.48,77.56,Nova Scotia
2020-01-27,96.93,109.35,94.49,Nova Scotia
2020-01-28,102.03,115.36,89.99,Nova Scotia
2020-01-29,102.91,114.9,95.58,Nova Scotia
2020-01-30,107.97,114.16,108.16,Nova Scotia
2020-01-31,131.12,153.18,109.37,Nova Scotia
2020-02-01,117.47,138.59,85.24,Nova Scotia
2020-02-02,84.58,81.06,78.21,Nova Scotia
2020-02-03,93.84,92.92,94.17,Nova Scotia
2020-02-04,101.0,111.42,93.49,Nova Scotia
2020-02-05,105.61,110.63,95.66,Nova Scotia
2020-02-06,92.84,94.35,105.11,Nova Scotia
2020-02-07,93.57,106.72,101.33,Nova Scotia
2020-02-08,127.85,135.88,99.6,Nova Scotia
2020-02-09,100.6,88.96,80.74,Nova Scotia
2020-02-10,100.67,90.93,97.23,Nova Scotia
2020-02-11,102.83,97.78,104.02,Nova Scotia
2020-02-12,92.75,94.38,94.85,Nova Scotia
2020-02-13,90.07,91.08,100.2,Nova Scotia
2020-02-14,141.8,148.22,106.11,Nova Scotia
2020-02-15,135.3,150.63,93.0,Nova Scotia
2020-02-16,108.83,107.21,80.42,Nova Scotia
2020-02-17,92.99,88.09,71.69,Nova Scotia
2020-02-18,111.78,109.76,98.27,Nova Scotia
2020-02-19,110.02,112.52,98.83,Nova Scotia
2020-02-20,116.59,114.85,90.99,Nova Scotia
2020-02-21,131.85,132.97,96.26,Nova Scotia
2020-02-22,136.27,142.63,89.34,Nova Scotia
2020-02-23,106.8,94.99,75.83,Nova Scotia
2020-02-24,104.16,104.88,95.66,Nova Scotia
2020-02-25,103.6,109.38,93.24,Nova Scotia
2020-02-26,110.17,114.52,93.24,Nova Scotia
2020-02-27,98.72,101.53,94.53,Nova Scotia
2020-02-28,135.22,151.24,124.33,Nova Scotia
2020-02-29,145.88,170.64,106.63,Nova Scotia
2020-03-01,99.99,95.55,82.83,Nova Scotia
2020-03-02,108.62,112.93,100.08,Nova Scotia
2020-03-03,111.56,121.11,103.02,Nova Scotia
2020-03-04,113.67,115.82,94.41,Nova Scotia
2020-03-05,118.9,129.06,107.68,Nova Scotia
2020-03-06,141.48,155.97,109.53,Nova Scotia
2020-03-07,115.24,132.56,90.15,Nova Scotia
2020-03-08,105.4,94.51,84.12,Nova Scotia
2020-03-09,98.97,97.52,94.09,Nova Scotia
2020-03-10,105.29,107.79,101.57,Nova Scotia
2020-03-11,106.21,105.95,102.33,Nova Scotia
2020-03-12,106.44,118.35,100.97,Nova Scotia
2020-03-13,112.6,124.33,90.43,Nova Scotia
2020-03-14,111.2,144.93,93.97,Nova Scotia
2020-03-15,87.85,80.14,60.96,Nova Scotia
2020-03-16,85.79,78.25,58.95,Nova Scotia
2020-03-17,81.48,71.66,50.22,Nova Scotia
2020-03-18,78.25,75.13,45.8,Nova Scotia
2020-03-19,75.69,66.32,41.42,Nova Scotia
2020-03-20,70.9,57.09,30.4,Nova Scotia
2020-03-21,79.01,62.51,29.43,Nova Scotia
2020-03-22,50.9,40.53,23.12,Nova Scotia
2020-03-23,52.68,47.15,25.89,Nova Scotia
2020-03-24,39.61,35.27,20.06,Nova Scotia
2020-03-25,56.71,53.51,25.73,Nova Scotia
2020-03-26,43.83,40.48,23.08,Nova Scotia
2020-03-27,54.72,45.95,21.83,Nova Scotia
2020-03-28,57.5,59.16,18.7,Nova Scotia
2020-03-29,46.52,52.57,19.06,Nova Scotia
2020-03-30,51.89,46.84,22.68,Nova Scotia
2020-03-31,50.05,43.39,26.26,Nova Scotia
2020-04-01,50.0,46.41,24.81,Nova Scotia
2020-04-02,48.2,38.9,19.18,Nova Scotia
2020-04-03,58.43,48.56,17.57,Nova Scotia
2020-04-04,51.5,45.46,16.49,Nova Scotia
2020-04-05,44.59,41.55,18.86,Nova Scotia
2020-04-06,52.73,53.62,24.73,Nova Scotia
2020-04-07,53.47,48.3,23.64,Nova Scotia
2020-04-08,57.46,53.62,19.42,Nova Scotia
2020-04-09,64.54,57.4,22.07,Nova Scotia
2020-04-10,42.75,36.7,17.25,Nova Scotia
2020-04-11,52.18,47.1,15.88,Nova Scotia
2020-04-12,36.67,37.54,14.52,Nova Scotia
2020-04-13,48.95,46.23,18.38,Nova Scotia
2020-04-14,61.4,60.01,19.22,Nova Scotia
2020-04-15,59.9,46.54,20.18,Nova Scotia
2020-04-16,64.77,62.05,19.1,Nova Scotia
2020-04-17,66.66,59.06,19.26,Nova Scotia
2020-04-18,58.86,47.2,18.17,Nova Scotia
2020-04-19,89.56,43.65,20.55,Nova Scotia
2020-04-20,76.92,58.75,20.1,Nova Scotia
2020-04-21,72.69,61.16,20.75,Nova Scotia
2020-04-22,69.83,52.24,20.55,Nova Scotia
2020-04-23,71.57,58.5,21.03,Nova Scotia
2020-04-24,87.7,57.09,22.4,Nova Scotia
2020-04-25,68.91,59.21,18.78,Nova Scotia
2020-04-26,56.19,49.07,20.91,Nova Scotia
2020-04-27,61.0,42.73,19.94,Nova Scotia
2020-04-28,56.85,44.82,18.54,Nova Scotia
2020-04-29,75.3,63.71,20.75,Nova Scotia
2020-04-30,79.34,68.54,25.49,Nova Scotia
2020-05-01,84.59,66.65,21.03,Nova Scotia
2020-05-02,71.21,57.07,22.32,Nova Scotia
2020-05-03,69.57,67.14,29.27,Nova Scotia
2020-05-04,72.12,60.85,25.98,Nova Scotia
2020-05-05,80.76,66.39,24.65,Nova Scotia
2020-05-06,90.65,78.51,25.37,Nova Scotia
2020-05-07,78.41,62.69,25.09,Nova Scotia
2020-05-08,97.62,75.36,25.65,Nova Scotia
2020-05-09,76.49,56.96,25.53,Nova Scotia
2020-05-10,66.43,49.65,26.98,Nova Scotia
2020-05-13,91.58,76.28,26.14,Nova Scotia
2020-05-14,99.19,82.52,26.66,Nova Scotia
2020-05-15,104.32,89.27,29.23,Nova Scotia
2020-05-16,86.44,62.02,29.03,Nova Scotia
2020-05-17,99.58,75.98,26.74,Nova Scotia
2020-05-18,93.05,72.71,30.28,Nova Scotia
2020-05-19,105.08,91.77,29.15,Nova Scotia
2020-05-20,113.76,98.29,33.86,Nova Scotia
2020-05-21,117.23,96.52,36.63,Nova Scotia
2020-05-22,135.61,108.25,31.68,Nova Scotia
2020-05-23,119.76,91.82,29.47,Nova Scotia
2020-05-24,105.23,76.51,30.96,Nova Scotia
2020-05-25,111.86,98.65,35.71,Nova Scotia
2020-05-26,110.61,93.43,32.09,Nova Scotia
2020-05-27,119.58,94.28,32.89,Nova Scotia
2020-05-28,128.32,101.43,33.13,Nova Scotia
2020-05-29,124.79,104.04,33.05,Nova Scotia
2020-05-30,101.1,73.42,28.51,Nova Scotia
2020-05-31,93.0,76.34,34.1,Nova Scotia
2020-06-01,113.44,109.35,32.69,Nova Scotia
2020-06-02,110.78,92.13,31.56,Nova Scotia
2020-06-03,103.63,85.28,32.29,Nova Scotia
2020-06-04,124.5,112.5,40.49,Nova Scotia
2020-06-05,136.74,138.49,52.19,Nova Scotia
2020-06-06,108.64,95.27,38.4,Nova Scotia
2020-06-07,98.31,70.56,36.07,Nova Scotia
2020-06-08,119.96,105.29,47.93,Nova Scotia
2020-06-09,126.09,115.64,48.53,Nova Scotia
2020-06-10,129.03,117.58,47.45,Nova Scotia
2020-06-11,128.47,109.94,47.89,Nova Scotia
2020-06-12,137.6,124.33,44.99,Nova Scotia
2020-06-13,139.99,126.68,41.13,Nova Scotia
2020-06-14,111.37,91.18,45.88,Nova Scotia
2020-06-15,130.64,125.61,54.97,Nova Scotia
2020-06-16,147.14,129.62,52.87,Nova Scotia
2020-06-17,147.16,130.31,58.99,Nova Scotia
2020-06-18,157.49,136.24,54.2,Nova Scotia
2020-06-19,176.03,148.04,60.6,Nova Scotia
2020-06-20,166.11,131.92,51.99,Nova Scotia
2020-06-21,116.57,82.21,44.87,Nova Scotia
2020-06-22,137.23,126.96,60.19,Nova Scotia
2020-06-23,146.6,126.48,58.67,Nova Scotia
2020-06-24,151.27,134.63,63.13,Nova Scotia
2020-06-25,154.33,135.09,61.36,Nova Scotia
2020-06-26,175.49,152.82,60.51,Nova Scotia
2020-06-27,169.32,151.96,61.64,Nova Scotia
2020-06-28,121.99,92.44,46.92,Nova Scotia
2020-06-29,148.84,130.28,59.75,Nova Scotia
2020-06-30,168.02,150.96,62.04,Nova Scotia
2020-07-01,144.72,149.48,63.61,Nova Scotia
2020-07-02,171.7,145.82,59.51,Nova Scotia
2020-07-03,207.13,169.77,71.49,Nova Scotia
2020-07-04,179.12,153.0,65.02,Nova Scotia
2020-07-05,150.82,106.75,53.56,Nova Scotia
2020-07-06,149.45,132.3,62.0,Nova Scotia
2020-07-07,165.47,149.81,74.71,Nova Scotia
2020-07-08,166.47,138.36,57.94,Nova Scotia
2020-07-09,172.71,154.66,60.03,Nova Scotia
2020-07-10,210.47,174.29,70.77,Nova Scotia
2020-07-11,173.76,150.09,56.09,Nova Scotia
2020-07-12,154.33,100.28,55.89,Nova Scotia
2020-07-13,174.34,146.03,70.85,Nova Scotia
2020-07-14,155.43,135.52,62.65,Nova Scotia
2020-07-15,162.77,144.08,61.88,Nova Scotia
2020-07-16,179.14,160.31,68.11,Nova Scotia
2020-07-17,204.0,184.08,67.11,Nova Scotia
2020-07-18,199.59,180.22,65.66,Nova Scotia
2020-07-19,186.74,126.22,57.58,Nova Scotia
2020-07-20,180.03,158.29,64.94,Nova Scotia
2020-07-21,192.08,167.37,69.2,Nova Scotia
2020-07-22,185.48,156.58,66.47,Nova Scotia
2020-07-23,170.25,150.24,60.23,Nova Scotia
2020-07-24,209.31,189.24,71.81,Nova Scotia
2020-07-25,214.01,180.91,66.87,Nova Scotia
2020-07-26,167.72,124.89,53.48,Nova Scotia
2020-07-27,174.37,162.02,64.94,Nova Scotia
2020-07-28,191.06,157.99,68.19,Nova Scotia
2020-07-29,191.6,165.27,68.96,Nova Scotia
2020-07-30,196.73,163.38,63.73,Nova Scotia
2020-07-31,218.84,189.14,64.13,Nova Scotia
2020-08-01,217.86,174.19,60.11,Nova Scotia
2020-08-02,200.71,135.68,54.04,Nova Scotia
2020-08-03,178.84,125.25,52.79,Nova Scotia
2020-08-04,197.89,183.87,69.6,Nova Scotia
2020-08-05,193.67,169.69,69.48,Nova Scotia
2020-08-06,205.69,157.86,69.48,Nova Scotia
2020-08-07,231.86,204.57,65.66,Nova Scotia
2020-08-08,219.27,189.39,60.96,Nova Scotia
2020-08-09,207.38,137.77,64.58,Nova Scotia
2020-08-10,197.47,161.77,64.7,Nova Scotia
2020-08-11,188.55,170.33,62.61,Nova Scotia
2020-08-12,191.45,172.94,65.5,Nova Scotia
2020-08-13,203.02,177.72,66.3,Nova Scotia
2020-08-14,232.11,197.5,68.28,Nova Scotia
2020-08-15,209.01,193.87,60.31,Nova Scotia
2020-08-16,193.42,143.27,47.85,Nova Scotia
2020-08-17,175.87,155.38,67.03,Nova Scotia
2020-08-18,187.14,185.18,65.58,Nova Scotia
2020-08-19,200.36,181.14,64.05,Nova Scotia
2020-08-20,209.77,183.7,61.68,Nova Scotia
2020-08-21,230.19,205.67,68.52,Nova Scotia
2020-08-22,223.39,214.13,62.4,Nova Scotia
2020-08-23,198.78,153.64,55.45,Nova Scotia
2020-08-24,195.02,183.01,64.5,Nova Scotia
2020-08-25,181.09,168.49,64.37,Nova Scotia
2020-08-26,194.99,178.99,61.28,Nova Scotia
2020-08-27,202.58,199.64,78.65,Nova Scotia
2020-08-28,225.89,224.18,65.06,Nova Scotia
2020-08-29,195.95,198.47,56.49,Nova Scotia
2020-08-30,162.76,153.77,61.64,Nova Scotia
2020-08-31,182.71,192.15,66.79,Nova Scotia
2020-09-01,196.11,207.9,84.04,Nova Scotia
2020-09-02,198.84,199.21,79.45,Nova Scotia
2020-09-03,189.03,204.5,83.55,Nova Scotia
2020-09-04,229.39,265.24,97.95,Nova Scotia
2020-09-05,235.48,267.01,76.88,Nova Scotia
2020-09-06,205.61,228.93,78.77,Nova Scotia
2020-09-07,170.86,159.62,61.48,Nova Scotia
2020-09-08,173.63,224.43,87.45,Nova Scotia
2020-09-09,171.89,203.96,79.29,Nova Scotia
2020-09-10,174.7,211.01,87.21,Nova Scotia
2020-09-11,203.06,248.73,94.41,Nova Scotia
2020-09-12,207.04,254.82,86.09,Nova Scotia
2020-09-13,160.3,154.43,73.3,Nova Scotia
2020-09-14,155.72,188.73,81.02,Nova Scotia
2020-09-15,165.96,191.34,79.98,Nova Scotia
2020-09-16,170.0,184.44,82.75,Nova Scotia
2020-09-17,168.51,198.06,80.3,Nova Scotia
2020-09-18,198.85,239.48,95.34,Nova Scotia
2020-09-19,214.8,266.88,96.7,Nova Scotia
2020-09-20,157.42,165.81,81.79,Nova Scotia
2020-09-21,150.58,182.6,84.84,Nova Scotia
2020-09-22,97.8,116.33,52.27,Nova Scotia
2020-09-23,107.72,125.79,63.69,Nova Scotia
2020-09-24,168.14,201.05,83.68,Nova Scotia
2020-09-25,203.21,266.96,96.26,Nova Scotia
2020-09-26,216.02,269.08,88.9,Nova Scotia
2020-09-27,160.61,154.05,70.69,Nova Scotia
2020-09-28,151.81,171.43,77.52,Nova Scotia
2020-09-29,154.6,187.76,79.25,Nova Scotia
2020-09-30,141.57,166.22,77.4,Nova Scotia
2020-10-01,157.46,192.26,83.39,Nova Scotia
2020-10-02,184.42,231.92,96.66,Nova Scotia
2020-10-03,195.68,244.62,85.32,Nova Scotia
2020-10-04,157.23,150.96,70.37,Nova Scotia
2020-10-05,136.64,143.39,72.22,Nova Scotia
2020-10-06,143.71,169.97,80.9,Nova Scotia
2020-10-07,143.84,164.4,75.07,Nova Scotia
2020-10-08,148.81,165.35,80.26,Nova Scotia
2020-10-09,186.24,196.81,76.08,Nova Scotia
2020-10-10,175.38,177.54,83.63,Nova Scotia
2020-10-11,121.54,127.11,59.19,Nova Scotia
2020-10-12,126.72,111.93,58.3,Nova Scotia
2020-10-13,142.23,150.78,76.24,Nova Scotia
2020-10-14,130.43,141.07,73.58,Nova Scotia
2020-10-15,156.04,180.04,85.56,Nova Scotia
2020-10-16,184.45,216.99,85.61,Nova Scotia
2020-10-17,168.61,205.42,79.57,Nova Scotia
2020-10-18,151.1,139.36,73.42,Nova Scotia
2020-10-19,132.77,145.21,73.18,Nova Scotia
2020-10-20,135.82,149.27,76.76,Nova Scotia
2020-10-21,134.55,140.91,75.55,Nova Scotia
2020-10-22,148.84,176.05,74.27,Nova Scotia
2020-10-23,183.1,218.17,88.46,Nova Scotia
2020-10-24,178.24,225.43,82.43,Nova Scotia
2020-10-25,134.67,141.68,63.17,Nova Scotia
2020-10-26,130.54,161.36,74.87,Nova Scotia
2020-10-27,134.06,142.32,78.93,Nova Scotia
2020-10-28,137.51,154.31,84.88,Nova Scotia
2020-10-29,146.3,168.62,76.56,Nova Scotia
2020-10-30,164.41,198.19,82.51,Nova Scotia
2020-10-31,147.25,235.88,78.93,Nova Scotia
2020-11-01,111.42,120.96,58.95,Nova Scotia
2020-11-02,118.12,129.77,69.64,Nova Scotia
2020-11-03,141.82,151.04,102.9,Nova Scotia
2020-11-04,121.99,143.01,76.68,Nova Scotia
