date,days_post_first_lockdown,day_of_week,holiday,region,stringency_index,driving,walking,transit,retail_and_recreation,grocery_and_pharmacy,parks,transit_stations,workplaces,residential,numtotal,numdeaths,numactive,numtoday,numtested,ratetotal,ratetested
2020-03-11,0,2,0,Manitoba,13.89,8.409999999999997,7.019999999999996,-2.75,7.0,8.0,9.0,-3.0,4.0,0.0,15,0.0,15.0,8,2739.0,1.1,2000.0
2020-03-12,1,3,0,Manitoba,22.22,7.099999999999994,6.420000000000002,-5.189999999999998,12.0,33.0,5.0,-6.0,5.0,0.0,17,0.0,17.0,2,3189.0,1.24,2329.0
2020-03-13,2,4,0,Manitoba,22.22,12.86,9.280000000000001,-13.170000000000002,4.0,41.0,-14.0,-12.0,-5.0,3.0,17,0.0,17.0,0,3367.0,1.24,2459.0
2020-03-14,3,5,0,Manitoba,24.07,-4.950000000000003,-4.900000000000006,-34.730000000000004,-7.0,23.0,-23.0,-12.0,1.0,4.0,19,0.0,19.0,2,3668.0,1.39,2678.0
2020-03-15,4,6,0,Manitoba,24.07,-33.39,-40.34,-48.62,-18.0,3.0,-20.0,-22.0,-7.0,4.0,19,0.0,19.0,0,3936.0,1.39,2874.0
2020-03-16,5,0,0,Manitoba,43.52,-25.060000000000002,-25.200000000000003,-36.32,-11.0,18.0,-19.0,-29.0,-11.0,7.0,20,0.0,20.0,1,4133.0,1.46,3018.0
2020-03-17,6,1,0,Manitoba,43.52,-25.099999999999994,-31.159999999999997,-46.25,-19.0,19.0,-16.0,-31.0,-17.0,10.0,21,0.0,21.0,1,4406.0,1.53,3217.0
2020-03-18,7,2,0,Manitoba,61.11,-29.58,-33.5,-47.61,-25.0,13.0,-28.0,-41.0,-23.0,12.0,35,0.0,35.0,14,4740.0,2.56,3461.0
2020-03-19,8,3,0,Manitoba,61.11,-28.769999999999996,-31.14,-57.31,-29.0,12.0,-27.0,-48.0,-27.0,14.0,36,0.0,35.0,1,5429.0,2.63,3964.0
2020-03-20,9,4,0,Manitoba,71.3,-19.060000000000002,-27.480000000000004,-56.82,-31.0,8.0,-31.0,-46.0,-31.0,15.0,39,1.0,37.0,3,6022.0,2.85,4397.0
2020-03-21,10,5,0,Manitoba,71.3,-37.2,-36.33,-66.12,-45.0,-9.0,-25.0,-41.0,-24.0,12.0,64,1.0,62.0,25,6931.0,4.67,5061.0
2020-03-22,11,6,0,Manitoba,71.3,-51.43,-54.86,-72.45,-51.0,-21.0,-16.0,-50.0,-32.0,10.0,72,1.0,70.0,8,7876.0,5.26,5751.0
2020-03-23,12,0,0,Manitoba,72.69,-39.31,-33.989999999999995,-68.68,-41.0,-11.0,-3.0,-54.0,-40.0,17.0,96,1.0,93.0,24,8326.0,7.01,6080.0
2020-03-24,13,1,0,Manitoba,72.69,-40.67,-45.08,-72.05,-45.0,-11.0,-32.0,-57.0,-42.0,19.0,103,1.0,98.0,7,8629.0,7.52,6301.0
2020-03-25,14,2,0,Manitoba,72.69,-39.51,-35.69,-67.68,-45.0,-14.0,-19.0,-57.0,-43.0,19.0,127,1.0,122.0,24,9811.0,9.27,7164.0
2020-03-26,15,3,0,Manitoba,72.69,-38.46,-41.0,-72.64,-43.0,-7.0,-18.0,-60.0,-43.0,20.0,167,1.0,155.0,40,11098.0,12.19,8104.0
2020-03-27,16,4,0,Manitoba,72.69,-27.22,-22.700000000000003,-66.96000000000001,-40.0,-5.0,-14.0,-57.0,-44.0,20.0,182,2.0,180.0,15,11650.0,13.29,8507.0
2020-03-28,17,5,0,Manitoba,72.69,-37.24,-32.22,-72.66,-46.0,-13.0,-9.0,-50.0,-33.0,13.0,194,2.0,192.0,12,12191.0,14.17,8902.0
2020-03-29,18,6,0,Manitoba,72.69,-49.87,-45.27,-74.78,-49.0,-21.0,-9.0,-56.0,-36.0,11.0,203,2.0,184.0,9,12771.0,14.82,9326.0
2020-03-30,19,0,0,Manitoba,72.69,-35.370000000000005,-24.560000000000002,-73.8,-38.0,-12.0,4.0,-57.0,-47.0,18.0,204,2.0,185.0,1,13788.0,14.9,10068.0
2020-03-31,20,1,0,Manitoba,72.69,-32.650000000000006,-28.769999999999996,-72.62,-36.0,-4.0,2.0,-58.0,-47.0,19.0,217,3.0,214.0,13,13990.0,15.85,10216.0
2020-04-01,21,2,0,Manitoba,74.54,-36.68,-37.25,-74.23,-46.0,-14.0,-24.0,-62.0,-49.0,20.0,221,3.0,218.0,4,14569.0,16.14,10638.0
2020-04-02,22,3,0,Manitoba,74.54,-49.65,-53.7,-77.03999999999999,-59.0,-28.0,-55.0,-68.0,-52.0,24.0,224,3.0,221.0,3,14569.0,16.36,10638.0
2020-04-03,23,4,0,Manitoba,74.54,-41.28,-44.15,-73.66,-55.0,-24.0,-60.0,-65.0,-54.0,25.0,230,4.0,226.0,6,16075.0,16.79,11738.0
2020-04-04,24,5,0,Manitoba,72.69,-43.72,-46.96,-73.99,-54.0,-23.0,-52.0,-57.0,-37.0,16.0,243,4.0,239.0,13,16220.0,17.74,11844.0
2020-04-05,25,6,0,Manitoba,72.69,-54.64,-53.04,-77.93,-54.0,-29.0,-30.0,-61.0,-40.0,12.0,242,4.0,238.0,-1,17066.0,17.67,12462.0
2020-04-06,26,0,0,Manitoba,72.69,-39.42,-36.36,-74.86,-43.0,-17.0,-16.0,-61.0,-48.0,20.0,246,4.0,242.0,4,17119.0,17.96,12501.0
2020-04-07,27,1,0,Manitoba,72.69,-37.35,-35.480000000000004,-73.87,-44.0,-9.0,-11.0,-59.0,-49.0,21.0,246,4.0,242.0,0,17789.0,17.96,12990.0
2020-04-08,28,2,0,Manitoba,72.69,-34.86,-32.93000000000001,-76.58,-43.0,-12.0,-36.0,-62.0,-49.0,21.0,246,5.0,241.0,0,17789.0,17.96,12990.0
2020-04-09,29,3,0,Manitoba,72.69,-20.25,-28.0,-70.61,-27.0,21.0,-26.0,-59.0,-49.0,19.0,250,5.0,245.0,4,18318.0,18.26,13376.0
2020-04-10,30,4,1,Manitoba,72.69,-39.31,-35.849999999999994,-76.41,-75.0,-63.0,-7.0,-73.0,-82.0,33.0,250,5.0,245.0,0,18814.0,18.26,13738.0
2020-04-11,31,5,0,Manitoba,72.69,-36.04,-37.76,-73.53,-42.0,0.0,-42.0,-55.0,-38.0,15.0,253,5.0,116.0,3,19412.0,18.47,14175.0
2020-04-12,32,6,0,Manitoba,72.69,-55.27,-57.92,-74.99,-74.0,-63.0,-35.0,-65.0,-47.0,13.0,253,5.0,105.0,0,19634.0,18.47,14337.0
2020-04-13,33,0,0,Manitoba,72.69,-39.66,-44.71,-69.1,-44.0,-16.0,-38.0,-68.0,-57.0,23.0,254,6.0,105.0,1,19924.0,18.55,14549.0
2020-04-14,34,1,0,Manitoba,72.69,-32.64,-36.47,-69.38,-43.0,-10.0,-25.0,-60.0,-48.0,21.0,255,6.0,99.0,1,20328.0,18.62,14844.0
2020-04-15,35,2,0,Manitoba,72.69,-27.569999999999993,-33.18000000000001,-71.01,-38.0,-10.0,-19.0,-59.0,-48.0,20.0,257,6.0,97.0,2,20651.0,18.77,15080.0
2020-04-16,36,3,0,Manitoba,72.69,-26.870000000000005,-26.939999999999998,-70.75,-39.0,-6.0,-15.0,-60.0,-47.0,21.0,262,6.0,82.0,5,21229.0,19.13,15502.0
2020-04-17,37,4,0,Manitoba,72.69,-15.36,-17.760000000000005,-70.05,-39.0,-10.0,-2.0,-58.0,-48.0,21.0,263,6.0,61.0,1,21720.0,19.2,15860.0
2020-04-18,38,5,0,Manitoba,72.69,-29.150000000000006,-34.769999999999996,-74.25,-48.0,-19.0,-42.0,-56.0,-33.0,14.0,267,6.0,62.0,4,21720.0,19.5,15860.0
2020-04-19,39,6,0,Manitoba,72.69,-41.59,-45.99,-74.44,-49.0,-27.0,-19.0,-61.0,-36.0,11.0,271,6.0,66.0,4,21720.0,19.79,15860.0
2020-04-20,40,0,0,Manitoba,72.69,-28.239999999999995,-36.73,-68.91,-42.0,-16.0,-27.0,-61.0,-46.0,19.0,272,6.0,61.0,1,23149.0,19.86,16904.0
2020-04-21,41,1,0,Manitoba,72.69,-25.849999999999994,-32.650000000000006,-73.15,-42.0,-12.0,-11.0,-60.0,-47.0,20.0,272,6.0,57.0,0,23379.0,19.86,17072.0
2020-04-22,42,2,0,Manitoba,72.69,-20.209999999999994,-12.519999999999996,-67.25999999999999,-38.0,-9.0,21.0,-57.0,-46.0,19.0,273,6.0,54.0,1,23817.0,19.93,17391.0
2020-04-23,43,3,0,Manitoba,72.69,-15.769999999999996,-8.430000000000007,-69.55,-36.0,-3.0,39.0,-57.0,-45.0,18.0,275,6.0,49.0,2,24304.0,20.08,17747.0
2020-04-24,44,4,0,Manitoba,72.69,-6.939999999999998,-7.8799999999999955,-63.57,-39.0,-10.0,8.0,-56.0,-46.0,19.0,279,6.0,38.0,4,24975.0,20.37,18237.0
2020-04-25,45,5,0,Manitoba,72.69,-23.53,-29.189999999999998,-71.86,-46.0,-18.0,-29.0,-53.0,-31.0,13.0,280,6.0,38.0,1,25736.0,20.45,18793.0
2020-04-26,46,6,0,Manitoba,72.69,-33.709999999999994,-30.980000000000004,-74.21000000000001,-44.0,-22.0,14.0,-55.0,-34.0,9.0,281,6.0,38.0,1,26253.0,20.52,19170.0
2020-04-27,47,0,0,Manitoba,72.69,-16.72,-0.5600000000000023,-65.2,-34.0,-10.0,35.0,-56.0,-45.0,17.0,281,6.0,37.0,0,26857.0,20.52,19611.0
2020-04-28,48,1,0,Manitoba,72.69,-16.439999999999998,-17.799999999999997,-64.93,-36.0,-5.0,-9.0,-55.0,-46.0,13.0,282,7.0,37.0,1,27202.0,20.59,19863.0
2020-04-29,49,2,0,Manitoba,72.69,-8.0,3.030000000000001,-62.22,-31.0,-2.0,43.0,-52.0,-45.0,17.0,284,7.0,35.0,2,27712.0,20.74,20236.0
2020-04-30,50,3,0,Manitoba,72.69,-5.219999999999999,5.890000000000001,-61.24,-30.0,1.0,49.0,-54.0,-44.0,17.0,283,7.0,33.0,-1,28232.0,20.67,20615.0
2020-05-01,51,4,0,Manitoba,72.69,-1.5100000000000051,2.299999999999997,-62.81,-37.0,-10.0,-22.0,-58.0,-45.0,20.0,284,7.0,30.0,1,28742.0,20.74,20988.0
2020-05-02,52,5,0,Manitoba,72.69,-12.370000000000005,-19.86,-64.75999999999999,-42.0,-14.0,-23.0,-50.0,-29.0,12.0,284,7.0,30.0,0,29438.0,20.74,21496.0
2020-05-03,53,6,0,Manitoba,72.69,-25.89,-24.5,-61.99,-39.0,-16.0,18.0,-53.0,-30.0,8.0,287,7.0,33.0,3,30046.0,20.96,21940.0
2020-05-04,54,0,0,Manitoba,72.69,-10.540000000000006,-4.819999999999993,-57.16,-28.0,-9.0,23.0,-55.0,-42.0,16.0,289,7.0,35.0,2,30398.0,21.1,22197.0
2020-05-05,55,1,0,Manitoba,72.69,-2.5999999999999943,1.4399999999999977,-60.52,-27.0,0.0,52.0,-50.0,-42.0,16.0,290,7.0,32.0,1,30799.0,21.18,22490.0
2020-05-06,56,2,0,Manitoba,72.69,-0.010000000000005116,7.560000000000002,-58.64,-26.0,-2.0,45.0,-51.0,-42.0,16.0,290,7.0,32.0,0,31416.0,21.18,22940.0
2020-05-07,57,3,0,Manitoba,72.69,2.1400000000000006,-0.18000000000000682,-60.52,-25.0,4.0,27.0,-55.0,-41.0,17.0,289,7.0,30.0,-1,31742.0,21.1,23178.0
2020-05-08,58,4,0,Manitoba,72.69,15.870000000000005,13.39,-60.8,-28.0,0.0,20.0,-53.0,-42.0,17.0,289,7.0,28.0,0,32492.0,21.1,23726.0
2020-05-09,59,5,0,Manitoba,72.69,2.1299999999999955,-6.530000000000001,-63.0,-29.0,3.0,10.0,-45.0,-23.0,10.0,289,7.0,25.0,0,33295.0,21.1,24312.0
2020-05-10,60,6,0,Manitoba,72.69,-19.930000000000007,-31.319999999999993,-67.43,-27.0,-4.0,22.0,-51.0,-24.0,6.0,289,7.0,25.0,0,34042.0,21.1,24858.0
2020-05-13,63,2,0,Manitoba,70.83,1.4500000000000028,-6.689999999999998,-62.5,-29.0,-4.0,-20.0,-57.0,-41.0,17.0,290,7.0,26.0,0,35133.0,21.18,25655.0
2020-05-14,64,3,0,Manitoba,70.83,8.810000000000002,1.5300000000000011,-62.75,-24.0,7.0,13.0,-54.0,-40.0,16.0,290,7.0,18.0,0,35723.0,21.18,26085.0
2020-05-15,65,4,0,Manitoba,70.83,32.28,36.00999999999999,-56.44,-23.0,6.0,81.0,-50.0,-43.0,14.0,292,7.0,18.0,2,36590.0,21.32,26718.0
2020-05-16,66,5,0,Manitoba,70.83,11.810000000000002,7.8700000000000045,-61.46,-28.0,-2.0,110.0,-44.0,-24.0,6.0,292,7.0,17.0,0,37025.0,21.32,27036.0
2020-05-17,67,6,0,Manitoba,70.83,0.37000000000000455,3.7099999999999937,-61.1,-22.0,0.0,191.0,-45.0,-26.0,3.0,292,7.0,17.0,0,37903.0,21.32,27677.0
2020-05-18,68,0,1,Manitoba,70.83,-0.23999999999999488,5.060000000000002,-60.55,-37.0,-26.0,197.0,-65.0,-77.0,19.0,292,7.0,17.0,0,38072.0,21.32,27801.0
2020-05-19,69,1,0,Manitoba,70.83,19.47,30.069999999999993,-53.13,-17.0,12.0,90.0,-47.0,-40.0,13.0,292,7.0,16.0,0,38775.0,21.32,28314.0
2020-05-20,70,2,0,Manitoba,70.83,32.47,46.41,-54.91,-10.0,15.0,89.0,-45.0,-39.0,13.0,292,7.0,14.0,0,39790.0,21.32,29055.0
2020-05-21,71,3,0,Manitoba,70.83,26.349999999999994,35.75,-55.25,-12.0,14.0,79.0,-47.0,-39.0,14.0,294,7.0,14.0,2,40709.0,21.47,29726.0
2020-05-22,72,4,0,Manitoba,70.83,44.05000000000001,43.44,-54.83,-18.0,6.0,78.0,-47.0,-38.0,13.0,294,7.0,14.0,0,41578.0,21.47,30361.0
2020-05-23,73,5,0,Manitoba,70.83,20.370000000000005,23.450000000000003,-54.66,-22.0,1.0,86.0,-38.0,-16.0,6.0,294,7.0,9.0,0,41578.0,21.47,30361.0
2020-05-24,74,6,0,Manitoba,70.83,-5.849999999999994,-14.689999999999998,-61.35,-24.0,-6.0,69.0,-45.0,-22.0,5.0,295,7.0,10.0,1,41578.0,21.54,30361.0
2020-05-25,75,0,0,Manitoba,70.83,24.489999999999995,40.19999999999999,-52.44,-12.0,4.0,94.0,-45.0,-38.0,12.0,295,7.0,10.0,0,43807.0,21.54,31988.0
2020-05-26,76,1,0,Manitoba,70.83,23.58,27.049999999999997,-52.31,-17.0,4.0,78.0,-47.0,-37.0,13.0,297,7.0,12.0,2,44400.0,21.69,32421.0
2020-05-27,77,2,0,Manitoba,70.83,32.41,37.97,-51.82,-10.0,10.0,108.0,-42.0,-36.0,12.0,298,7.0,9.0,1,45128.0,21.76,32953.0
2020-05-28,78,3,0,Manitoba,70.83,29.409999999999997,20.180000000000007,-55.44,-15.0,12.0,29.0,-50.0,-36.0,14.0,298,7.0,7.0,0,46033.0,21.76,33614.0
2020-05-29,79,4,0,Manitoba,70.83,44.25999999999999,44.629999999999995,-51.48,-18.0,6.0,72.0,-47.0,-37.0,13.0,300,7.0,9.0,2,46668.0,21.91,34078.0
2020-05-30,80,5,0,Manitoba,70.83,28.889999999999986,28.879999999999995,-52.88,-20.0,2.0,125.0,-32.0,-10.0,4.0,300,7.0,9.0,0,46668.0,21.91,34078.0
2020-05-31,81,6,0,Manitoba,70.83,9.969999999999999,9.39,-54.49,-18.0,0.0,160.0,-37.0,-12.0,1.0,300,7.0,9.0,0,46668.0,21.91,34078.0
2020-06-01,82,0,0,Manitoba,70.83,31.409999999999997,43.360000000000014,-45.26,-7.0,8.0,101.0,-44.0,-34.0,10.0,300,7.0,9.0,0,48706.0,21.91,35566.0
2020-06-02,83,1,0,Manitoba,70.83,33.08000000000001,40.05000000000001,-43.33,-10.0,11.0,114.0,-41.0,-33.0,11.0,300,7.0,8.0,0,49296.0,21.91,35997.0
2020-06-03,84,2,0,Manitoba,70.83,39.84,45.75,-44.33,-8.0,9.0,110.0,-42.0,-32.0,11.0,300,7.0,8.0,0,49929.0,21.91,36459.0
2020-06-04,85,3,0,Manitoba,70.83,42.44,52.05000000000001,-47.61,-5.0,17.0,110.0,-42.0,-31.0,11.0,300,7.0,7.0,0,50663.0,21.91,36995.0
2020-06-05,86,4,0,Manitoba,70.83,58.08000000000001,88.81,-38.61,-11.0,6.0,99.0,-42.0,-33.0,10.0,301,7.0,5.0,1,51402.0,21.98,37534.0
2020-06-06,87,5,0,Manitoba,70.83,30.830000000000013,30.650000000000006,-50.8,-20.0,-3.0,83.0,-42.0,-11.0,5.0,303,7.0,7.0,2,52048.0,22.13,38006.0
2020-06-07,88,6,0,Manitoba,70.83,2.1899999999999977,-5.170000000000002,-53.11,-19.0,-4.0,69.0,-45.0,-14.0,3.0,304,7.0,8.0,1,52650.0,22.2,38446.0
2020-06-08,89,0,0,Manitoba,70.83,29.819999999999993,37.44999999999999,-43.33,-8.0,4.0,82.0,-47.0,-32.0,11.0,304,7.0,5.0,0,53342.0,22.2,38951.0
2020-06-09,90,1,0,Manitoba,70.83,32.889999999999986,22.72,-46.15,-11.0,5.0,48.0,-47.0,-32.0,12.0,304,7.0,5.0,0,53860.0,22.2,39329.0
2020-06-10,91,2,0,Manitoba,70.83,40.16,45.21000000000001,-39.9,-4.0,9.0,84.0,-42.0,-31.0,11.0,306,7.0,6.0,2,54204.0,22.34,39580.0
2020-06-11,92,3,0,Manitoba,70.83,46.91,51.74000000000001,-39.52,-3.0,15.0,107.0,-41.0,-30.0,10.0,308,7.0,8.0,2,54842.0,22.49,40046.0
2020-06-12,93,4,0,Manitoba,70.83,69.50999999999999,66.08000000000001,-41.74,-7.0,9.0,139.0,-40.0,-32.0,8.0,311,7.0,11.0,3,55401.0,22.71,40454.0
2020-06-13,94,5,0,Manitoba,70.83,52.30000000000001,52.99000000000001,-46.76,-13.0,3.0,168.0,-28.0,-6.0,2.0,313,7.0,13.0,2,56147.0,22.86,40999.0
2020-06-14,95,6,0,Manitoba,70.83,23.569999999999993,17.549999999999997,-50.04,-11.0,0.0,175.0,-36.0,-10.0,0.0,313,7.0,13.0,0,56847.0,22.86,41510.0
2020-06-15,96,0,0,Manitoba,70.83,44.46000000000001,46.110000000000014,-32.19,-2.0,9.0,119.0,-42.0,-32.0,9.0,314,7.0,14.0,1,57149.0,22.93,41731.0
2020-06-16,97,1,0,Manitoba,70.83,45.75,48.31999999999999,-41.63,-5.0,11.0,130.0,-40.0,-31.0,10.0,314,7.0,14.0,0,57784.0,22.93,42195.0
2020-06-17,98,2,0,Manitoba,70.83,45.849999999999994,44.02000000000001,-39.24,-5.0,8.0,78.0,-43.0,-32.0,11.0,315,7.0,15.0,1,58358.0,23.0,42614.0
2020-06-18,99,3,0,Manitoba,70.83,51.55000000000001,42.31999999999999,-38.86,-2.0,15.0,80.0,-42.0,-30.0,10.0,316,7.0,15.0,1,58749.0,23.07,42899.0
2020-06-19,100,4,0,Manitoba,70.83,77.65,78.25,-38.35,-3.0,12.0,130.0,-40.0,-32.0,6.0,318,7.0,11.0,2,59772.0,23.22,43646.0
2020-06-20,101,5,0,Manitoba,70.83,48.75,45.91,-49.85,-13.0,4.0,84.0,-34.0,-5.0,4.0,322,7.0,15.0,4,60486.0,23.51,44168.0
2020-06-21,102,6,0,Manitoba,70.83,16.180000000000007,5.109999999999999,-50.51,-6.0,3.0,114.0,-37.0,-6.0,-1.0,322,7.0,15.0,0,61444.0,23.51,44867.0
2020-06-22,103,0,0,Manitoba,68.98,49.44999999999999,60.56,-38.42,-1.0,5.0,124.0,-40.0,-33.0,9.0,324,7.0,17.0,2,61881.0,23.66,45186.0
2020-06-23,104,1,0,Manitoba,68.98,55.31,65.0,-36.42,-2.0,9.0,141.0,-39.0,-32.0,9.0,325,7.0,18.0,1,62182.0,23.73,45406.0
2020-06-24,105,2,0,Manitoba,68.98,63.31999999999999,67.57,-34.69,1.0,13.0,177.0,-37.0,-31.0,8.0,325,7.0,18.0,0,62182.0,23.73,45406.0
2020-06-25,106,3,0,Manitoba,68.98,64.66999999999999,64.5,-36.83,0.0,16.0,120.0,-39.0,-30.0,9.0,325,7.0,18.0,0,63265.0,23.73,46197.0
2020-06-26,107,4,0,Manitoba,68.98,91.93,95.55000000000001,-32.510000000000005,-3.0,14.0,168.0,-37.0,-31.0,6.0,325,7.0,16.0,0,63715.0,23.73,46525.0
2020-06-27,108,5,0,Manitoba,68.98,69.22999999999999,58.58000000000001,-42.55,-12.0,3.0,189.0,-30.0,-8.0,1.0,325,7.0,16.0,0,63715.0,23.73,46525.0
2020-06-28,109,6,0,Manitoba,68.98,39.77000000000001,16.049999999999997,-47.06,-9.0,0.0,190.0,-38.0,-9.0,-1.0,325,7.0,16.0,0,63715.0,23.73,46525.0
2020-06-29,110,0,0,Manitoba,68.98,69.00999999999999,67.52000000000001,-32.59,5.0,14.0,146.0,-39.0,-34.0,8.0,325,7.0,14.0,0,65298.0,23.73,47681.0
2020-06-30,111,1,0,Manitoba,68.98,79.02000000000001,79.55000000000001,-35.92,12.0,36.0,164.0,-37.0,-33.0,7.0,325,7.0,11.0,0,65680.0,23.73,47960.0
2020-07-01,112,2,1,Manitoba,68.98,55.379999999999995,46.72,-44.51,-38.0,-37.0,309.0,-58.0,-71.0,16.0,325,7.0,6.0,0,66370.0,23.73,48464.0
2020-07-02,113,3,0,Manitoba,68.98,74.19,72.94999999999999,-32.56999999999999,7.0,33.0,185.0,-40.0,-38.0,8.0,325,7.0,4.0,0,66825.0,23.73,48796.0
2020-07-03,114,4,0,Manitoba,68.98,88.31,82.21000000000001,-28.310000000000002,-3.0,14.0,174.0,-43.0,-41.0,8.0,325,7.0,4.0,0,67706.0,23.73,49440.0
2020-07-04,115,5,0,Manitoba,68.98,47.69999999999999,39.19,-41.08,-14.0,0.0,128.0,-34.0,-7.0,3.0,325,7.0,4.0,0,67706.0,23.73,49440.0
2020-07-05,116,6,0,Manitoba,68.98,39.00999999999999,24.150000000000006,-42.1,-10.0,-3.0,153.0,-34.0,-11.0,-1.0,325,7.0,4.0,0,67706.0,23.73,49440.0
2020-07-06,117,0,0,Manitoba,68.98,69.78,88.22,-28.569999999999993,3.0,11.0,173.0,-37.0,-35.0,8.0,325,7.0,1.0,0,70047.0,23.73,51149.0
2020-07-07,118,1,0,Manitoba,68.98,73.16999999999999,71.13999999999999,-18.61,1.0,15.0,189.0,-35.0,-35.0,8.0,330,7.0,5.0,5,70351.0,24.1,51371.0
2020-07-08,119,2,0,Manitoba,68.98,79.65,77.12,-26.730000000000004,5.0,15.0,156.0,-35.0,-33.0,8.0,330,7.0,5.0,0,70830.0,24.1,51721.0
2020-07-09,120,3,0,Manitoba,67.13,83.53,72.24000000000001,-27.849999999999994,6.0,21.0,159.0,-37.0,-32.0,7.0,331,7.0,6.0,1,71534.0,24.17,52235.0
2020-07-10,121,4,0,Manitoba,67.13,99.97999999999999,103.24000000000001,-26.620000000000005,-3.0,10.0,175.0,-35.0,-34.0,6.0,336,7.0,11.0,5,72334.0,24.54,52819.0
2020-07-11,122,5,0,Manitoba,67.13,75.81,71.75,-39.84,-9.0,4.0,189.0,-26.0,-6.0,0.0,337,7.0,12.0,1,72334.0,24.61,52819.0
2020-07-12,123,6,0,Manitoba,67.13,49.610000000000014,25.989999999999995,-44.71,-6.0,0.0,216.0,-30.0,-10.0,-3.0,343,7.0,18.0,6,72334.0,25.05,52819.0
2020-07-13,124,0,0,Manitoba,67.13,56.849999999999994,40.150000000000006,-32.209999999999994,-3.0,2.0,82.0,-42.0,-36.0,10.0,354,7.0,29.0,11,74634.0,25.85,54499.0
2020-07-14,125,1,0,Manitoba,67.13,76.91999999999999,78.71000000000001,-23.590000000000003,1.0,13.0,173.0,-37.0,-34.0,8.0,366,7.0,41.0,12,75868.0,26.73,55400.0
2020-07-15,126,2,0,Manitoba,67.13,77.16,71.72999999999999,-25.560000000000002,3.0,11.0,158.0,-38.0,-33.0,8.0,374,7.0,49.0,8,76604.0,27.31,55937.0
2020-07-16,127,3,0,Manitoba,67.13,84.59,77.03,-27.510000000000005,5.0,21.0,185.0,-38.0,-32.0,7.0,375,7.0,49.0,1,77805.0,27.38,56814.0
2020-07-17,128,4,0,Manitoba,67.13,97.18,80.33000000000001,-35.06999999999999,-7.0,5.0,123.0,-41.0,-35.0,7.0,384,7.0,58.0,9,79194.0,28.04,57828.0
2020-07-18,129,5,0,Manitoba,67.13,74.88999999999999,63.139999999999986,-40.19,-10.0,4.0,136.0,-30.0,-7.0,1.0,388,7.0,62.0,4,79194.0,28.33,57828.0
2020-07-19,130,6,0,Manitoba,67.13,48.78999999999999,23.97,-43.6,-2.0,3.0,199.0,-29.0,-10.0,-2.0,394,7.0,68.0,6,79194.0,28.77,57828.0
2020-07-20,131,0,0,Manitoba,67.13,70.78,70.19,-24.689999999999998,3.0,10.0,160.0,-38.0,-35.0,8.0,400,7.0,74.0,6,82893.0,29.21,60529.0
2020-07-21,132,1,0,Manitoba,67.13,72.93,68.69,-28.36,1.0,13.0,170.0,-38.0,-34.0,8.0,405,8.0,78.0,5,83790.0,29.57,61184.0
2020-07-22,133,2,0,Manitoba,67.13,77.38,76.02000000000001,-28.120000000000005,2.0,10.0,186.0,-38.0,-33.0,7.0,407,8.0,74.0,2,84415.0,29.72,61641.0
2020-07-23,134,3,0,Manitoba,67.13,77.96000000000001,67.46000000000001,-28.650000000000006,1.0,15.0,156.0,-40.0,-32.0,8.0,409,8.0,76.0,2,85575.0,29.87,62488.0
2020-07-24,135,4,0,Manitoba,67.13,91.94,79.74000000000001,-29.769999999999996,-7.0,8.0,144.0,-42.0,-34.0,7.0,415,8.0,70.0,6,86575.0,30.3,63218.0
2020-07-25,136,5,0,Manitoba,67.13,72.25999999999999,63.77000000000001,-38.94,-13.0,1.0,167.0,-30.0,-7.0,1.0,417,8.0,72.0,2,86575.0,30.45,63218.0
2020-07-26,137,6,0,Manitoba,67.13,50.66999999999999,18.989999999999995,-46.06,-6.0,1.0,219.0,-31.0,-9.0,-3.0,435,8.0,90.0,18,86575.0,31.76,63218.0
2020-07-27,138,0,0,Manitoba,67.13,69.19,64.1,-29.799999999999997,1.0,9.0,169.0,-39.0,-36.0,8.0,442,8.0,97.0,7,86575.0,32.28,63218.0
2020-07-28,139,1,0,Manitoba,67.13,76.72,69.72,-28.0,-2.0,11.0,192.0,-39.0,-35.0,8.0,443,8.0,94.0,1,91697.0,32.35,66958.0
2020-07-29,140,2,0,Manitoba,67.13,85.16999999999999,77.30000000000001,-28.150000000000006,4.0,15.0,179.0,-39.0,-35.0,7.0,444,8.0,94.0,1,92721.0,32.42,67706.0
2020-07-30,141,3,0,Manitoba,67.13,88.38,78.63,-25.790000000000006,6.0,22.0,189.0,-40.0,-35.0,7.0,474,8.0,118.0,30,93298.0,34.61,68127.0
2020-07-31,142,4,0,Manitoba,67.13,98.21000000000001,83.35,-34.18000000000001,-2.0,15.0,156.0,-40.0,-37.0,6.0,491,8.0,132.0,17,96553.0,35.85,70504.0
2020-08-01,143,5,0,Manitoba,67.13,68.86000000000001,58.120000000000005,-44.52,-12.0,1.0,202.0,-32.0,-11.0,-1.0,507,8.0,148.0,16,96553.0,37.02,70504.0
2020-08-02,144,6,0,Manitoba,67.13,46.27000000000001,21.159999999999997,-44.05,-7.0,0.0,292.0,-38.0,-14.0,-3.0,542,8.0,182.0,35,96553.0,39.58,70504.0
2020-08-04,146,1,0,Manitoba,67.13,78.25999999999999,67.69999999999999,-22.89,0.0,17.0,179.0,-41.0,-37.0,8.0,562,8.0,194.0,4,102391.0,41.04,74767.0
2020-08-05,147,2,0,Manitoba,67.13,90.25999999999999,79.13,-22.909999999999997,4.0,16.0,172.0,-41.0,-35.0,7.0,578,8.0,202.0,16,103994.0,42.21,75938.0
2020-08-06,148,3,0,Manitoba,67.13,90.94999999999999,82.58000000000001,-26.22,4.0,21.0,190.0,-41.0,-34.0,7.0,603,8.0,218.0,25,105705.0,44.03,77187.0
2020-08-07,149,4,0,Manitoba,67.13,107.97999999999999,84.53999999999999,-26.75,-7.0,6.0,151.0,-43.0,-36.0,6.0,643,8.0,246.0,40,107925.0,46.95,78808.0
2020-08-08,150,5,0,Manitoba,67.13,84.75,71.86000000000001,-32.28,-12.0,0.0,193.0,-33.0,-7.0,0.0,663,9.0,211.0,20,107925.0,48.41,78808.0
2020-08-09,151,6,0,Manitoba,67.13,48.25,20.129999999999995,-39.18,-10.0,-3.0,141.0,-35.0,-13.0,-1.0,697,9.0,205.0,34,107925.0,50.9,78808.0
2020-08-10,152,0,0,Manitoba,67.13,76.0,61.19999999999999,-26.870000000000005,-1.0,7.0,157.0,-40.0,-35.0,7.0,731,9.0,232.0,34,113224.0,53.38,82678.0
2020-08-11,153,1,0,Manitoba,67.13,78.16,69.56,-27.659999999999997,-4.0,10.0,195.0,-43.0,-34.0,8.0,748,11.0,235.0,17,114339.0,54.62,83492.0
2020-08-12,154,2,0,Manitoba,64.35,77.30000000000001,71.00999999999999,-31.680000000000007,-3.0,8.0,174.0,-43.0,-34.0,7.0,763,12.0,223.0,15,115700.0,55.72,84486.0
2020-08-13,155,3,0,Manitoba,64.35,72.22999999999999,49.78,-33.650000000000006,-5.0,10.0,102.0,-47.0,-34.0,9.0,796,12.0,247.0,33,117271.0,58.12,85633.0
2020-08-14,156,4,0,Manitoba,64.35,90.15,58.81999999999999,-35.7,-13.0,0.0,71.0,-49.0,-36.0,9.0,830,12.0,265.0,34,119560.0,60.61,87304.0
2020-08-15,157,5,0,Manitoba,64.35,71.69999999999999,58.56,-36.4,-14.0,1.0,154.0,-35.0,-7.0,1.0,872,12.0,290.0,42,119560.0,63.67,87304.0
2020-08-16,158,6,0,Manitoba,64.35,52.69,28.159999999999997,-41.49,-10.0,-3.0,200.0,-37.0,-10.0,-2.0,944,12.0,356.0,72,119560.0,68.93,87304.0
2020-09-11,184,4,0,Manitoba,60.65,80.68,79.5,-22.930000000000007,-8.0,2.0,98.0,-38.0,-30.0,5.0,1540,16.0,325.0,40,157071.0,112.45,114695.0
2020-09-12,185,5,0,Manitoba,60.65,64.28,76.78999999999999,-31.069999999999993,-10.0,-2.0,125.0,-30.0,-5.0,1.0,1558,16.0,331.0,18,157071.0,113.77,114695.0
2020-09-13,186,6,0,Manitoba,60.65,25.590000000000003,10.530000000000001,-41.38,-9.0,0.0,100.0,-35.0,-10.0,0.0,1586,16.0,354.0,28,157071.0,115.81,114695.0
2020-09-14,187,0,0,Manitoba,60.65,43.78,40.99000000000001,-19.150000000000006,-4.0,-3.0,70.0,-41.0,-28.0,7.0,1608,18.0,363.0,22,161953.0,117.42,118260.0
2020-09-15,188,1,0,Manitoba,60.65,48.81999999999999,51.610000000000014,-19.459999999999994,-6.0,2.0,79.0,-40.0,-28.0,7.0,1632,18.0,380.0,24,163186.0,119.17,119160.0
2020-09-16,189,2,0,Manitoba,60.65,51.49000000000001,55.94999999999999,-17.810000000000002,-6.0,-2.0,64.0,-40.0,-28.0,7.0,1674,18.0,418.0,42,164875.0,122.24,120394.0
2020-09-17,190,3,0,Manitoba,60.65,55.97,59.610000000000014,-17.049999999999997,-5.0,3.0,71.0,-42.0,-26.0,7.0,1711,19.0,449.0,37,166556.0,124.94,121621.0
2020-09-18,191,4,0,Manitoba,60.65,78.02000000000001,86.71000000000001,-17.849999999999994,-5.0,2.0,66.0,-41.0,-27.0,6.0,1764,19.0,487.0,53,168637.0,128.81,123141.0
2020-09-19,192,5,0,Manitoba,60.65,62.06999999999999,78.81,-32.11,-9.0,-2.0,127.0,-34.0,-3.0,1.0,1829,19.0,545.0,65,168637.0,133.56,123141.0
2020-09-20,193,6,0,Manitoba,60.65,23.680000000000007,15.700000000000003,-36.02,-8.0,-2.0,115.0,-38.0,-9.0,0.0,1880,19.0,589.0,51,168637.0,137.28,123141.0
2020-09-21,194,0,0,Manitoba,60.65,39.0,35.80000000000001,-22.47,-7.0,-2.0,65.0,-44.0,-29.0,8.0,1919,20.0,618.0,39,174984.0,140.13,127775.0
2020-09-22,195,1,0,Manitoba,60.65,43.71000000000001,59.06,-19.269999999999996,-9.0,1.0,129.0,-42.0,-28.0,7.0,1953,20.0,606.0,34,176888.0,142.61,129166.0
2020-09-23,196,2,0,Manitoba,60.65,38.56,43.97,-25.650000000000006,-12.0,-1.0,39.0,-45.0,-26.0,8.0,1993,20.0,599.0,40,178777.0,145.53,130545.0
2020-09-24,197,3,0,Manitoba,60.65,44.22,48.5,-27.36,-8.0,3.0,77.0,-44.0,-24.0,7.0,2029,20.0,621.0,36,180920.0,148.16,132110.0
2020-09-25,198,4,0,Manitoba,60.65,65.85,69.32,-22.22,-11.0,0.0,90.0,-44.0,-25.0,6.0,2072,21.0,652.0,43,182263.0,151.3,133091.0
2020-09-26,199,5,0,Manitoba,60.65,49.599999999999994,53.120000000000005,-32.849999999999994,-12.0,0.0,94.0,-41.0,-3.0,2.0,2108,22.0,677.0,36,182263.0,153.93,133091.0
2020-09-27,200,6,0,Manitoba,60.65,11.040000000000006,0.5900000000000034,-47.48,-15.0,-2.0,46.0,-45.0,-10.0,2.0,2140,23.0,696.0,32,182263.0,156.27,133091.0
2020-09-28,201,0,0,Manitoba,60.65,26.78,25.430000000000007,-32.42,-10.0,-2.0,32.0,-47.0,-26.0,8.0,2191,23.0,739.0,51,187564.0,159.99,136962.0
2020-09-29,202,1,0,Manitoba,60.65,32.110000000000014,36.94,-29.42,-11.0,2.0,72.0,-46.0,-26.0,8.0,2246,24.0,781.0,55,189476.0,164.01,138358.0
2020-09-30,203,2,0,Manitoba,60.65,30.879999999999995,29.52000000000001,-29.97,-12.0,0.0,9.0,-47.0,-27.0,8.0,2278,27.0,803.0,32,191881.0,166.34,140114.0
2020-10-01,204,3,0,Manitoba,60.65,34.129999999999995,33.46000000000001,-31.379999999999995,-9.0,6.0,31.0,-47.0,-24.0,8.0,2344,27.0,863.0,66,194567.0,171.16,142075.0
2020-10-02,205,4,0,Manitoba,60.65,50.72,49.650000000000006,-31.870000000000005,-14.0,-2.0,24.0,-44.0,-25.0,8.0,2428,30.0,933.0,84,197550.0,177.3,144253.0
2020-10-03,206,5,0,Manitoba,60.65,35.870000000000005,38.74000000000001,-38.54,-14.0,-2.0,49.0,-41.0,-5.0,4.0,2524,32.0,1017.0,96,197550.0,184.31,144253.0
2020-10-04,207,6,0,Manitoba,60.65,4.480000000000004,-7.260000000000005,-49.13,-15.0,-3.0,52.0,-45.0,-12.0,3.0,2578,32.0,1063.0,54,197550.0,188.25,144253.0
2020-10-05,208,0,0,Manitoba,60.65,24.019999999999996,28.080000000000013,-24.900000000000006,-11.0,-3.0,42.0,-43.0,-26.0,8.0,2655,34.0,1131.0,77,197550.0,193.87,144253.0
2020-10-06,209,1,0,Manitoba,60.65,26.799999999999997,31.97999999999999,-30.430000000000007,-14.0,2.0,42.0,-45.0,-27.0,8.0,2779,35.0,1248.0,124,207039.0,202.93,151182.0
2020-10-07,210,2,0,Manitoba,60.65,28.97,29.810000000000002,-30.939999999999998,-13.0,0.0,37.0,-45.0,-25.0,8.0,2925,37.0,1374.0,146,209302.0,213.59,152835.0
2020-10-08,211,3,0,Manitoba,60.65,34.56,31.44999999999999,-30.599999999999994,-10.0,7.0,45.0,-45.0,-23.0,8.0,3098,38.0,1527.0,173,211508.0,226.22,154446.0
2020-10-09,212,4,0,Manitoba,60.65,53.5,51.97999999999999,-29.709999999999994,-13.0,6.0,32.0,-45.0,-26.0,8.0,3173,38.0,1582.0,75,213607.0,231.7,155978.0
2020-10-10,213,5,0,Manitoba,60.65,23.629999999999995,19.340000000000003,-39.26,-18.0,5.0,43.0,-41.0,-7.0,4.0,3258,38.0,1648.0,85,213607.0,237.9,155978.0
2020-10-11,214,6,0,Manitoba,60.65,-11.099999999999994,-18.620000000000005,-50.38,-28.0,-4.0,29.0,-49.0,-13.0,2.0,3302,40.0,1675.0,44,213607.0,241.12,155978.0
2020-10-12,215,0,1,Manitoba,60.65,-14.310000000000002,-17.03,-44.85,-44.0,-38.0,95.0,-67.0,-76.0,20.0,3382,42.0,1743.0,80,220294.0,246.96,160861.0
2020-10-13,216,1,0,Manitoba,60.65,24.049999999999997,29.28,-33.209999999999994,-17.0,-3.0,26.0,-44.0,-27.0,9.0,3491,42.0,1746.0,109,222635.0,254.92,162571.0
2020-10-14,217,2,0,Manitoba,60.65,21.83,19.599999999999994,-37.32,-16.0,-4.0,10.0,-46.0,-25.0,10.0,3626,43.0,1774.0,135,224779.0,264.77,164136.0
2020-10-15,218,3,0,Manitoba,60.65,29.460000000000008,29.830000000000013,-27.930000000000007,-12.0,2.0,12.0,-46.0,-23.0,10.0,3773,47.0,1806.0,147,227104.0,275.51,165834.0
2020-10-16,219,4,0,Manitoba,60.65,44.28999999999999,31.580000000000013,-31.92,-16.0,-3.0,-6.0,-48.0,-25.0,10.0,3935,48.0,1855.0,162,229636.0,287.34,167683.0
2020-10-17,220,5,0,Manitoba,60.65,27.299999999999997,21.61,-43.26,-17.0,-4.0,3.0,-44.0,-5.0,7.0,4088,50.0,1922.0,153,229636.0,298.51,167683.0
2020-10-18,221,6,0,Manitoba,60.65,-7.840000000000003,-21.14,-46.91,-22.0,-9.0,-7.0,-50.0,-13.0,6.0,4249,54.0,2053.0,161,229636.0,310.27,167683.0
2020-10-19,222,0,0,Manitoba,60.65,14.370000000000005,10.39,-34.84,-15.0,-9.0,8.0,-49.0,-25.0,10.0,4349,55.0,2117.0,100,236208.0,317.57,172482.0
2020-10-20,223,1,0,Manitoba,60.65,21.03,10.450000000000003,-32.34,-14.0,-2.0,3.0,-46.0,-26.0,10.0,4532,58.0,2238.0,183,237995.0,330.93,173787.0
2020-10-21,224,2,0,Manitoba,60.65,18.650000000000006,15.189999999999998,-37.1,-17.0,-4.0,-6.0,-44.0,-25.0,10.0,4701,61.0,2334.0,169,241420.0,343.27,176288.0
2020-10-22,225,3,0,Manitoba,60.65,23.569999999999993,18.72,-36.68,-12.0,4.0,9.0,-43.0,-23.0,10.0,4894,62.0,2409.0,193,244827.0,357.37,178776.0
2020-10-23,226,4,0,Manitoba,60.65,42.25999999999999,30.19999999999999,-36.45,-16.0,-2.0,-8.0,-46.0,-28.0,11.0,5374,65.0,2737.0,480,248031.0,392.42,181115.0
2020-10-24,227,5,0,Manitoba,60.65,21.849999999999994,13.810000000000002,-42.06,-18.0,-2.0,-15.0,-42.0,-7.0,7.0,5723,67.0,3010.0,349,248031.0,417.9,181115.0
2020-10-25,228,6,0,Manitoba,60.65,-9.780000000000001,-21.689999999999998,-51.31,-22.0,-8.0,-9.0,-46.0,-13.0,6.0,6034,75.0,3255.0,311,248031.0,440.61,181115.0
2020-10-26,229,0,0,Manitoba,60.65,11.11,12.069999999999993,-36.15,-17.0,-7.0,-6.0,-48.0,-25.0,10.0,6275,80.0,3455.0,241,256659.0,458.21,187416.0
2020-10-27,230,1,0,Manitoba,60.65,12.219999999999999,8.489999999999995,-34.41,-23.0,-9.0,-11.0,-48.0,-26.0,11.0,6377,85.0,3495.0,102,259492.0,465.66,189484.0
2020-10-28,231,2,0,Manitoba,60.65,13.650000000000006,12.379999999999995,-37.76,-17.0,-2.0,-11.0,-45.0,-25.0,11.0,6751,87.0,3772.0,374,262762.0,492.97,191872.0
2020-10-29,232,3,0,Manitoba,60.65,19.42,10.579999999999998,-37.78,-12.0,6.0,-8.0,-49.0,-24.0,10.0,7177,91.0,4166.0,426,267090.0,524.07,195032.0
2020-10-30,233,4,0,Manitoba,60.65,30.44999999999999,24.159999999999997,-42.44,-17.0,4.0,-24.0,-49.0,-25.0,10.0,7419,96.0,4286.0,242,270689.0,541.74,197660.0
2020-10-31,234,5,0,Manitoba,60.65,-0.4000000000000057,2.049999999999997,-50.13,-27.0,-3.0,-39.0,-50.0,-8.0,9.0,7689,103.0,4460.0,270,270689.0,561.46,197660.0
2020-11-01,235,6,0,Manitoba,60.65,-22.810000000000002,-18.769999999999996,-51.8,-28.0,-9.0,-22.0,-51.0,-16.0,6.0,8130,106.0,4849.0,441,270689.0,593.66,197660.0
2020-11-02,236,0,0,Manitoba,60.65,-0.5600000000000023,12.629999999999995,-42.95,-24.0,-10.0,6.0,-51.0,-28.0,11.0,8495,109.0,5152.0,365,281773.0,620.32,205754.0
2020-11-03,237,1,0,Manitoba,60.65,3.4000000000000057,18.480000000000004,-41.27,-26.0,-4.0,35.0,-49.0,-30.0,12.0,8878,114.0,5390.0,383,283729.0,648.28,207182.0
2020-11-04,238,2,0,Manitoba,60.65,1.019999999999996,14.209999999999994,-44.87,-26.0,-6.0,23.0,-50.0,-28.0,12.0,9308,123.0,5676.0,430,283729.0,679.68,207182.0
2020-11-05,239,3,0,Manitoba,60.65,0.6099999999999994,4.0,-46.0,-24.0,-3.0,-4.0,-52.0,-27.0,12.0,9782,132.0,6030.0,474,293101.0,714.29,214026.0
2020-11-06,240,4,0,Manitoba,60.65,13.86,17.209999999999994,-41.87,-27.0,-6.0,-23.0,-54.0,-28.0,14.0,10216,137.0,6307.0,434,296624.0,745.98,216598.0
2020-11-07,241,5,0,Manitoba,60.65,-5.430000000000007,2.4200000000000017,-50.57,-29.0,-7.0,-16.0,-50.0,-12.0,10.0,10453,152.0,6410.0,237,296624.0,763.29,216598.0
2020-11-08,242,6,0,Manitoba,60.65,-26.189999999999998,-19.099999999999994,-53.32,-32.0,-11.0,19.0,-55.0,-19.0,8.0,10947,162.0,6715.0,494,296624.0,799.36,216598.0
2020-11-09,243,0,0,Manitoba,60.65,-9.849999999999994,-9.120000000000005,-46.95,-27.0,-14.0,-25.0,-56.0,-31.0,14.0,11339,172.0,7011.0,392,305019.0,827.99,222729.0
2020-11-10,244,1,0,Manitoba,60.65,-0.01999999999999602,1.6700000000000017,-41.3,-16.0,13.0,-10.0,-52.0,-31.0,12.0,11608,179.0,7105.0,269,308165.0,847.63,225026.0
2020-11-11,245,2,0,Manitoba,60.65,-19.599999999999994,-20.53,-50.19,-41.0,-28.0,-3.0,-67.0,-74.0,25.0,12007,190.0,7385.0,399,311199.0,876.77,227241.0
2020-11-12,246,3,0,Manitoba,60.65,-19.049999999999997,-13.39,-53.9,-40.0,-12.0,-30.0,-57.0,-33.0,16.0,12482,198.0,7629.0,475,314534.0,911.45,229677.0
2020-11-13,247,4,0,Manitoba,60.65,2.950000000000003,5.519999999999996,-53.2,-37.0,-10.0,-35.0,-56.0,-33.0,17.0,12919,207.0,7861.0,437,317596.0,943.36,231912.0
2020-11-14,248,5,0,Manitoba,60.65,-18.560000000000002,-14.0,-59.11,-42.0,-16.0,-24.0,-56.0,-20.0,13.0,13304,217.0,8012.0,385,317596.0,971.47,231912.0
2020-11-15,249,6,0,Manitoba,60.65,-36.05,-36.22,-61.46,-47.0,-25.0,-38.0,-62.0,-29.0,11.0,13544,229.0,8122.0,240,317596.0,989.0,231912.0
2020-11-16,250,0,0,Manitoba,60.65,-13.780000000000001,-10.849999999999994,-52.9,-34.0,-17.0,-32.0,-57.0,-32.0,15.0,14087,236.0,8498.0,543,326615.0,1028.65,238498.0
2020-11-17,251,1,0,Manitoba,60.65,-10.489999999999995,-6.150000000000006,-50.85,-37.0,-14.0,-25.0,-57.0,-33.0,15.0,14558,248.0,8677.0,471,330261.0,1063.04,241161.0
2020-11-18,252,2,0,Manitoba,64.35,-9.510000000000005,-1.4300000000000068,-51.21,-37.0,-14.0,-18.0,-54.0,-32.0,15.0,14907,256.0,8758.0,349,332903.0,1088.53,243090.0
2020-11-19,253,3,0,Manitoba,64.35,-8.010000000000005,-0.18999999999999773,-54.43,-31.0,-4.0,-23.0,-56.0,-30.0,15.0,15288,266.0,8845.0,381,334807.0,1116.35,244480.0
2020-11-20,254,4,0,Manitoba,64.35,6.760000000000005,10.269999999999996,-57.84,-41.0,-16.0,-36.0,-58.0,-36.0,18.0,15632,280.0,8865.0,344,338105.0,1141.47,246888.0
2020-11-21,255,5,0,Manitoba,64.35,-15.420000000000002,-14.430000000000007,-62.35,-49.0,-22.0,-31.0,-60.0,-22.0,14.0,16118,290.0,9024.0,486,338105.0,1176.96,246888.0
2020-11-22,256,6,0,Manitoba,64.35,-34.94,-31.049999999999997,-64.3,-53.0,-30.0,-34.0,-63.0,-30.0,12.0,16483,301.0,9172.0,365,338105.0,1203.61,246888.0
2020-11-23,257,0,0,Manitoba,64.35,-14.579999999999998,-2.4599999999999937,-57.33,-41.0,-22.0,-29.0,-60.0,-34.0,16.0,16825,312.0,9260.0,342,347108.0,1228.58,253462.0
2020-11-24,258,1,0,Manitoba,64.35,-11.290000000000006,-4.030000000000001,-59.49,-43.0,-20.0,-25.0,-58.0,-35.0,17.0,17107,328.0,9066.0,282,349309.0,1249.17,255070.0
